Keyword,Platform,Title,Url,Snippet,ExtraSnippets,Rank,Query,RetrievedAt
家庭内ルール 仕様書,note,子供の自立を応援！小学生のための家庭内ルールとは？｜AI noteさん/AIコラムライター,https://note.com/hip_sable4235/n/ned732344bcd0,はじめに 子供の自立を支援するためには、家庭内でのルール設定が重要です。 小学生は自我が芽生え、自立心が育つ大切な時期。 この記事では、小学生の自立を応援するための家庭内ルールについて考察します。 本文 1. 時間管理のルール 就寝時間と起床時間を決める 十分な睡眠は成長と学習に不可欠です。規則正しい生活リズムを作りましょう。 宿題の時間を設ける 毎日決まった時間に宿題をする習慣をつけることで、自己管理能力を育みます。 2. 食事に関するルール 食事の準備や片付けに参加する 食事の準備や後片付けを通じて、協力する心と責任感を育みます。 家族と一緒に食,はじめに 子供の自立を支援するためには、家庭内でのルール設定が重要です。 小学生は自我が芽生え、自立心が育つ大切な時期。 この記事では、小学生の自立を応援するための家庭内ルールについて考察します。 本文 1. 時間管理のルール 就寝時間と起床時間を決める 十分な睡眠は成長と学習に不可欠です。規則正しい生活リズムを作りましょう。 宿題の時間を設ける 毎日決まった時間に宿題をする習慣をつけることで、自己管理能力を育みます。 2. 食事に関するルール 食事の準備や片付けに参加する 食事の準備や後片付けを通じて、協力する心と責任感を育みます。 家族と一緒に食/家庭内ルールを設けることで、小学生の自立心と責任感を育みます。 ルールは子供と一緒に決め、理解と協力を得ることが大切です。子供の成長を応援し、自立に向けたサポートを行いましょう。/子供の自立を応援する家庭内ルールは、子供が安心して成長できる環境を作るために欠かせません。一緒にルールを守りながら、子供の自立を見守りましょう。,1,site:note.com 家庭内ルール 仕様書,2026-06-28T03:18:55.245Z
家庭内ルール 仕様書,note,【保存版】注文住宅の「仕様書」とは？｜Tabi タビ｜名古屋・愛知の建築家・設計事務所,https://note.com/studio_tabi/n/n805ea4ee7ff4,失敗しない家づくりのための確認ポイント・チェックリスト・Q&amp;A 注文住宅で最も多い後悔の1つが、「思っていた仕上がりと違った」という 問題です。 そして、実はその多くは、図面ではなく “仕様書” の不備や確認不足によって生まれています。 【保存版】注文住宅の「仕様書」とは 仕様書とは、設計図に書ききれない情報─ 素材・色・性能・品番・メーカーなど、家の「中身」をすべて言語化した最重要書類です。 契約書・図面と並んで、建築図書の3本柱のひとつと言える存在で、家の完成度とトラブル発生率を大きく左右します。 そこでこの記事では、仕様書の基本から、確認すべき項目、失敗,失敗しない家づくりのための確認ポイント・チェックリスト・Q&A 注文住宅で最も多い後悔の1つが、「思っていた仕上がりと違った」という 問題です。 そして、実はその多くは、図面ではなく “仕様書” の不備や確認不足によって生まれています。 【保存版】注文住宅の「仕様書」とは 仕様書とは、設計図に書ききれない情報─ 素材・色・性能・品番・メーカーなど、家の「中身」をすべて言語化した最重要書類です。 契約書・図面と並んで、建築図書の3本柱のひとつと言える存在で、家の完成度とトラブル発生率を大きく左右します。 そこでこの記事では、仕様書の基本から、確認すべき項目、失敗/失敗しない家づくりのための確認ポイント・チェックリスト・Q&A 注文住宅で最も多い後悔の1つが、「思っていた仕上がりと違った」という 問題です。 そして、実はその多くは、図面ではなく “仕様書” の不備や確認不足によって生まれています。 【保存版】注文住宅の「仕様書」とは 仕様書とは、設計図に書ききれない情報── 素材・色・性能・品番・メーカーなど、家の「中身」をすべて言語化した最重要書類です。 契約書・図面と並んで、建築図書の3本柱のひとつと言える存在で、家の完成度とトラブル発生率を大きく左右します。 そこでこの記事では、仕様書の基本から、確認すべき項目、失敗/そこでこの記事では、仕様書の基本から、確認すべき項目、失敗を防ぐポイントを解説。 建築家視点の実践的な知識まで、家づくりに必要な“本質だけ”をまとめました。/仕様書は、家づくりに必要な「言語情報」の集積です。 図面が示すのは形状や寸法。 対して仕様書は、住宅のクオリティを左右する以下の情報を網羅します。,2,site:note.com 家庭内ルール 仕様書,2026-06-28T03:18:55.245Z
家庭内ルール 仕様書,note,家のルールは“小さな法律”&習い事の応援｜キャリー・A・フロー,https://note.com/career_a_flow/n/n6c0a27bfb53e,例：「がんばったね（賛辞）。家のルールは安全がいちばん（理由）。次は○時までに帰ろう（行動）。」 · “外で遊ぶ”チェックカードをつくる（スマホ写真でも） · 行き先／一緒の人／帰宅時刻／連絡手段／“顔出しNG” · 言葉の貯金を10個書く（敬老の日や先生への感謝も）,状況ルール（例外の扱い）：例「親が現地で合流できるならOK」など ... 例：「友だちを大切にする気持ち、すてきだね（賛辞）。でも家では“大人がいない家には行かない”って決めているよ。安全のためだよ（理由）。今日は公園で遊ぼう。行き先と時間をノートに書こう（行動）。」/例：「がんばったね（賛辞）。家のルールは安全がいちばん（理由）。次は○時までに帰ろう（行動）。」 · “外で遊ぶ”チェックカードをつくる（スマホ写真でも） · 行き先／一緒の人／帰宅時刻／連絡手段／“顔出しNG” · 言葉の貯金を10個書く（敬老の日や先生への感謝も）/娘のバレエ発表会が、みなさんの応援と「ホイミ」パワーに背中を押されて、無事に終わりました。前日は体調の不安がありましたが、当日は笑顔でステージへ。 あらためて、応援は見えないところで人を支える力だと実感しました。ここからは、今回の放送（#281 前半「家のルール」）でお話しした内容を軸に、いただいたコメントわっしょい（後半チャプター）を重ねながら、家庭と学びの“あたたかい循環”についてまとめます。/「友だちの家に大人いないけれど、行っていい？」——多くの家庭で起こる、でも毎回ゆれる問いです。私の結論はシンプルです。 最終的に責任を取れるのは保護者。 だから親が決める。自信を持って伝える。 · コア規範（絶対に譲れない線）：例「大人不在の家には行かない」「オンラインで顔の見えない人と連絡しない」 · 標準ルール（日常運用の型）：例「外で遊ぶときは行き先・誰と・帰宅時刻をメモ」「写真は“人の顔は載せない”」,3,site:note.com 家庭内ルール 仕様書,2026-06-28T03:18:55.245Z
家庭内ルール 仕様書,note,パタンナーと一緒に仕様書を作ろう！《前編》#41｜パタンナー島村,https://note.com/outdoor_kaisetu/n/nea332ebdf940,3.バッグの仕様書（指示書）の書き方。デザイン画とつじつまを合わせましょう。 - バッグデザインのコツ バッグの仕様書は、デザインをより具体的に表したもの。仕様書の書き方は、お料理のレシピ表と同じようなものです。金具や附属材料 nobuzemi.hatenablog.com,〝 紙とペンがあれば誰でも ″ ものづくりを楽しめる！ とパタンナー島村は思っているので、ある日 スレッズにてこんな投稿をしました。 （コメントがあるだけで嬉しい） 縫製仕様書（以下、SPEC SHEETとします）が 作れるようになると、服やULギアの構造を体系的に理解することが出来て、より幅広いものづくりが可能になります！ （例えば登山で人気のセンチデザインズのようなアクティブインサレーションだってオリジナルで作れます） Senchi Designs Senchi Designs - ultralight fleece made from po/普段パタンナーが仕事で作成する仕様書は、量産の工場に対して依頼をする書類なので、出来るだけ分かりやすく見やすい指示をしながら量産の効率の良い作り方•かっこ良く美しい製品を生み出すパターンとの整合性を加味して作る必要があります。/縫製仕様書とは～アパレル縫製仕様書について知りたい全ての方へ～ 縫製仕様書とは、別名で仕様書、加工依頼書、縫製指示書などと言われるもので、平面に描かれたデザインを立体化して洋服に仕上げる media.cropozaki.com/3.バッグの仕様書（指示書）の書き方。デザイン画とつじつまを合わせましょう。 - バッグデザインのコツ バッグの仕様書は、デザインをより具体的に表したもの。仕様書の書き方は、お料理のレシピ表と同じようなものです。金具や附属材料 nobuzemi.hatenablog.com,4,site:note.com 家庭内ルール 仕様書,2026-06-28T03:18:55.245Z
家庭内ルール 仕様書,note,分かりやすい仕様書を作るための『考え方』と『テクニック』｜だらねこ,https://note.com/daraneko_games/n/n9dcdb1729a9b,【近接】要素をグループ化し、項目の関係性を分かりやすくする 【整列】項目の位置を揃えて見やすくする。 【反復】ルールを作って統一感を出す。 【コントラスト】項目に「差」を作って強調する。 · さて、さっき理想的な仕様書について挙げていましたが…これらを達成するために上記の基本4原則は非常に重要になります。,【近接】要素をグループ化し、項目の関係性を分かりやすくする 【整列】項目の位置を揃えて見やすくする。 【反復】ルールを作って統一感を出す。 【コントラスト】項目に「差」を作って強調する。 · さて、さっき理想的な仕様書について挙げていましたが…これらを達成するために上記の基本4原則は非常に重要になります。/私は分かりにくい仕様書が死ぬほど嫌いです。なんかもう、脳が受け付けないってくらい嫌い。なんでここまで嫌いなのかは後で話すとして、まぁ、とにかく嫌いなんです。/と言いたくなるような仕様書が飛び出してくることも多いです。 ある程度はフォーマットを事前に用意すれば防げますけど、そこから外れる必要が出てくると途端に分かりにくくなっちゃいます。/・分かりやすく書こうと思ってもどうすれば良いのかわからない · という点が強いのかなと。思うのですよ。なのでこの記事では、 · 仕様書は何を満たせば「分かりやすい」になるのか,5,site:note.com 家庭内ルール 仕様書,2026-06-28T03:18:55.245Z
家庭内ルール 仕様書,note,建築仕様書の主な種類とそれぞれの役割｜建築女子,https://note.com/kentiku_cad/n/nc3b339cd6384,特記仕様書に記載される内容の例としては、工事の名称や場所、工事の目的や施工が必要となった背景・根拠、標準仕様書に記載された内容から変更点や追加事項、特殊な工法の採用、使用材料の品質基準やメーカー・品番の指定、現場の搬入経路や作業時間の制限、近隣への騒音・振動対策、官公庁への届出事項などが挙げられます。特に、施工業者は、各工事の特有のルールや要求事項を正確に把握するために、この特記仕様書を熟読し、内容を完全に理解することが求められます。,**特記仕様書（とっきしようしょ）**とは、標準仕様書が一般的な共通ルールを定めるのに対し、特定の工事プロジェクトに固有の技術的な要求事項、使用する材料の具体的な指定（メーカー名や品番など）、特別な施工上の注意点、その現場特有の条件（敷地の制約、近隣環境への配慮など）といった、その工事ならではの特別な内容を記述するために作成される書類です。標準仕様書だけではカバーしきれない、プロジェクトごとの個別具体的な要求を明確にする役割を担います。/特記仕様書に記載される内容の例としては、工事の名称や場所、工事の目的や施工が必要となった背景・根拠、標準仕様書に記載された内容から変更点や追加事項、特殊な工法の採用、使用材料の品質基準やメーカー・品番の指定、現場の搬入経路や作業時間の制限、近隣への騒音・振動対策、官公庁への届出事項などが挙げられます。特に、施工業者は、各工事の特有のルールや要求事項を正確に把握するために、この特記仕様書を熟読し、内容を完全に理解することが求められます。/ここで、新人技術者が絶対に理解しておかなければならない最重要ポイントの一つが、両者の記述内容に食い違いが生じた場合の優先順位です。原則として、図面や標準仕様書の記載内容と特記仕様書の記載内容に相違がある場合は、特記仕様書に記載された内容が優先されるのが一般的です。 · この「特記優先」の原則は、単なるルールではなく、プロジェクトのリスク管理と個別最適化を実現するための重要な仕組みと理解することができま/ただし、新人のうちは、特記仕様書にばかり目が行きがちになる傾向がありますが、それは危険です。工事全体の基本的なルールや一般的な施工方法を定めた標準仕様書（特に公共建築工事標準仕様書や、発注機関が独自に定める共通仕様書など）も軽視せず、両方の仕様書をしっかりと読み込み、その関連性を理解する習慣をつけることが、誤解を防ぎ、質の高い仕事をする上で極めて重要です。,6,site:note.com 家庭内ルール 仕様書,2026-06-28T03:18:55.245Z
家庭内ルール 仕様書,note,できることから“家のルール”をゆるやかに変える｜【発達ママ】まるまま【特許出願済/まるままロープレAI】,https://note.com/lovely_vole1479/n/n24ac37c83111,どれか一つ、「これなら... あなたの家のルールは、 あなたの家族の数だけ、自由に決めてみてください。 一人でも「ちょっと心が軽くなった。」そう思ってくれる人がいたらいいな、と思いながらこの記事書いています。 ...,どれか一つ、「これならできそうかも」と思えるものを、 ぜひ試してみてください。 あなたの家のルールは、 あなたの家族の数だけ、自由に決めてみてください。 一人でも「ちょっと心が軽くなった。」そう思ってくれる人がいたらいいな、と思いながらこの記事書いています。 よかったら、あなたのご家庭で 「ちょっとゆるめてみてよかったルール」や 「これはうまくいかなかったな〜」というエピソードも コメントで教えてください。 一緒に、「今のわたしたち」に合うルールを、ゆっくり探していきましょう。/ルールを変えるとき、 いちばん怖かったのは「一度ゆるめると子どもがどんどんエスカレートするんじゃないか」「まずは親が家庭でルールを教えるべきではないのだろうか」でした。 でも、少しずつルールの形を変更させていくうちに、 意外な変化もありました。/noteでは、どうしても一般的なお話が中心になりますが、 メルマガでは、もう少し踏み込んで ・家庭の中で実際に起こりやすい場面 ・感情が揺れたときの考え方 ・「分かっているけどできない」ときの対処 などを、丁寧にお伝えしています。/◆「うちってルールゆるくないかな？」 「ゲームは1日30分」「夜10時には寝る」「ごはんのときはスマホ禁止」 頭の中には、いわゆる“理想の家庭ルール”がたくさん並んでいるのに、 現実のわが家は、気づけばそのどれも守れていない…。 発達特性や不登校、思春期まっさかりの子どもと暮らしていると、 「普通の家のルール」がむしろ子どもを苦しめてしまうこともありますよね。 でも、そこでルールをゆるめようとすると、 「甘やかすことにならないか」とか 「将来、ルールを守れない大人になってしまわないか」 と心配になるのが親心です。 今日は その時その時の生活スタイルに合わせて少しずつルールも変えていき,7,site:note.com 家庭内ルール 仕様書,2026-06-28T03:18:55.245Z
家庭内ルール 仕様書,note,仕様書の疑問シリーズ〜業務マニュアルと仕様書って何が違うの？〜｜バンライ,https://note.com/gentle_human7734/n/n1524d8205707,• 仕様書 → 例えるなら「建築図面」 • マニュアル → 「家具の組み立て説明書」みたいなもの 同じ“システムの情報”でも、用途が全然違うんですね。 · たとえ正しいことが書かれていても、読み手が理解できなければ意味がありません。 どちらも「誰に読まれるか」を意識して、用語や文体、図の使い方を工夫するのがコツです。,プロジェクトに関わりはじめたころ、 「それって仕様書に書いてある？」「マニュアルにしておいて」 …どっちのことを言ってるの！？と混乱したこと、ありませんか？ 大きな違いは「誰が読むか」「何のために使うか」 • 仕様書： 開発者やプロジェクト関係者が読む →「何をどう作るか」を明確にするもの • 業務マニュアル： 実際にシステムを使う現場の人が読む →「どうやって使うか」を説明するもの この目的の違いが、内容の書き方や構成にも表れます。 仕様書は“設計図”、マニュアルは“使い方ガイド” • 仕様書 → 例えるなら「建築図面」 • マニュアル → 「家具の組み立て説明書/• 仕様書： 開発者やプロジェクト関係者が読む →「何をどう作るか」を明確にするもの • 業務マニュアル： 実際にシステムを使う現場の人が読む →「どうやって使うか」を説明するもの この目的の違いが、内容の書き方や構成にも表れます。/• 仕様書 → 例えるなら「建築図面」 • マニュアル → 「家具の組み立て説明書」みたいなもの 同じ“システムの情報”でも、用途が全然違うんですね。 · たとえ正しいことが書かれていても、読み手が理解できなければ意味がありません。 どちらも「誰に読まれるか」を意識して、用語や文体、図の使い方を工夫するのがコツです。/プロジェクトが進んでいくと、 「これは仕様書にまとめる？それともマニュアルでいい？」と迷う場面が出てきます。 そんな時は、「誰に伝えるか」「何を目的にするか」で考えてみると、整理しやすくなりますよ！,8,site:note.com 家庭内ルール 仕様書,2026-06-28T03:18:55.245Z
家庭内ルール 仕様書,note,仕様書の「要求」「要件」「仕様」とは？｜誠大 山崎,https://note.com/seita_yamazaki/n/n809f15465f17,「要求」「要件」「仕様」とは？ プロダクト開発の現場で「要求」「要件」「仕様」という言葉を耳にしたことはありませんか？これらは、プロダクトを成功させる上で非常に重要な概念ですが、それぞれの違いを正確に理解している方は意外と少ないかもしれません。 まず、簡単にご説明します。「要求」とはユーザーが本当に欲しいもの、「要件」とはその要求を満たすための具体的な機能や条件、そして「仕様」とはその要件をどのように,好奇心旺盛で愛と熱量で生きています。 AI開発・プロダクト運営企業の営業部長です。 バックグラウンドは営業代理店の代表。 0から立ち上げて、訪問販売、電話営業、催事営業、組織コンサル、営業コンサルなどに携わってきました。※再起業1/23 日々に思った事を書いていきます。/「要求」「要件」「仕様」とは？ プロダクト開発の現場で「要求」「要件」「仕様」という言葉を耳にしたことはありませんか？これらは、プロダクトを成功させる上で非常に重要な概念ですが、それぞれの違いを正確に理解している方は意外と少ないかもしれません。 まず、簡単にご説明します。「要求」とはユーザーが本当に欲しいもの、「要件」とはその要求を満たすための具体的な機能や条件、そして「仕様」とはその要件をどのように,9,site:note.com 家庭内ルール 仕様書,2026-06-28T03:18:55.245Z
家庭内ルール 仕様書,note,#056 家庭ルールの“副作用”を見直す──「ちゃんとやらせているのに伸びない」ご家庭へ｜中学受験の算数屋さん,https://note.com/juken_sansu/n/nd0c0baa1851b,家庭内ルールは紙に書かれた明文化だけが全てではありません。 むしろ日々の「当たり前」「常識」「暗黙の了解」こそが、 子どもにとては最大の“縛り”になることがあります。,導入 「うちは家庭のルールをきちんと守らせている」 ——このフレーズに心当たりのあるご家庭は多いでしょう。 朝起きる時間、宿題のタイミング、テレビやゲームの制限、おやつやお手伝いのルール。 努力が実を結ぶよう、親は日々「よかれ」と思って様々なルールを作ります。 しかし、現実はどうでしょうか。 「頑張らせているのに、なぜか成績が伸びない」 「言われた通りにやっているのに、子どもがどんどん無気力になっていく」 「ルールは守っているはずなのに、家庭の空気が重くなっている」 ——こうした“報われなさ”や“閉塞感”を感じるご家庭は少なくありません。 なぜ、家庭のルールがうまく機能しないのか/導入 「うちは家庭のルールをきちんと守らせている」 ——このフレーズに心当たりのあるご家庭は多いでしょう。 朝起きる時間、宿題のタイミング、テレビやゲームの制限、おやつやお手伝いのルール。 努力が実を結ぶよ、親は日々「よかれ」と思って様々なルールを作ります。 しかし、現実はどうでしょうか。 「頑張らせているのに、なぜか成績が伸びない」 「言われた通りにやっているのに、子どもがどんどん無気力になっていく」 「ルールは守っているはずなのに、家庭の空気が重くなっている」 ——こうした“報われなさ”や“閉塞感”を感じるご家庭は少なくありません。 なぜ、家庭のルールがうまく機能しないのか/なぜ、家庭のルールがうまく機能しないのか。 それはルール自体の問題ではなく、 「ルールの運用が、無自覚に子どもを縛り、家庭の安心感を損なっている」 そんな“副作用”が潜んでいることに、多くのご家庭は気づけていません。/子どもは大人が思う以上に、家庭の空気や親の感情を敏感に感じ取っています。 そのため、親の“過緊張”や“管理意識”が空気化すると、子ども自身が「自分で自分を縛る」状態に陥ります。 · 親は「正しいことをしている」つもりでも、 · 子どもは“やらされ感”だけが強くなる · ルールを守ること自体が「目的」になり、中身のない“形式主義”に走る,10,site:note.com 家庭内ルール 仕様書,2026-06-28T03:18:55.245Z
家庭内ルール 要件定義,note,【育児】叱らない＝放置ではない：境界線が伝わる“優しいルール”の作り方【入門】｜ふんわり自然日和,https://note.com/funwaribiyori/n/na41461fce912,ルールは“起きてから”ではなく、起きる前に言う（店に入る前／動画を押す前） · これだけでも、家庭の摩擦が減りやすくなります。,この記事では、叱らずに境界線（ここまではOK/ここからはNG）を伝えるための考え方を、忙しい家庭でも回る形でまとめます。 · **境界線（守ること）と選択肢（選べること）**を分ける · ルールは「禁止」より、短い肯定文（例：走らない→歩く）/ルールは“起きてから”ではなく、起きる前に言う（店に入る前／動画を押す前） · これだけでも、家庭の摩擦が減りやすくなります。/ここが整理できると、必要なのは「もっと強い叱り」ではなく、 ルールの“短さ”と“運用”の調整だと見えてきます。 · ここでは、家庭で一番効きやすい“最小手順”だけ紹介します。/※この記事は、家庭でできる一般的な子育ての工夫をまとめたものです。発達の特性（ASD/ADHDなど）や強い不安、激しい癇癪、他害・自傷などで安全確保が難しい場合は、無理に家庭だけで抱えず、地域の子育て相談・小児科・心理職など専門家につながってください（親のせいではありません）。,3,site:note.com 家庭内ルール 要件定義,2026-06-28T03:18:56.026Z
家庭内ルール 要件定義,note,【連載】フルサポート03-2 アイ工務店の平屋｜注文住宅の要件定義｜ナナキン@注文住宅とインテリアの虎,https://note.com/nana_build/n/n97aeaf21a296,有料noteの注文住宅・インテリアカテゴリーで購読者日本一。賃貸・持ち家、マンション・戸建て問わず最高の家に住むための法則を伝授。 DM相談のルール https://x.gd/7gpcz 家以外 https://note.com/gekikara_kun,前代未聞、50万円で注文住宅のフルサポートを受けています。今回は2回目で要件定義です。 フルサポートの初案件の進捗を全部出します。 これには3つの狙い、目的があります。 フルサポートの透明性、クオリティの証明。怪しさの払しょく アドバイス自体が他の人にとっても有益な情報 ナナキンと依頼主の進捗確認（議事録） 今回はアイ工務店の方ですが、どういった悩みを持っていて私がどのように解決していくか。私が入っても解決できないことは何か。その起因は何か全部わかるようにします（私の能力不足、依頼主の事情や私との相性、HMの限界など）。 家づくりのほぼ全ての情報は非公開で/有料noteの注文住宅・インテリアカテゴリーで購読者日本一。賃貸・持ち家、マンション・戸建て問わず最高の家に住むための法則を伝授。 DM相談のルール https://x.gd/7gpcz 家以外 https://note.com/gekikara_kun,4,site:note.com 家庭内ルール 要件定義,2026-06-28T03:18:56.026Z
家庭内ルール 要件定義,note,家庭内のルール設定のポイント【3分で親力アップ！】59｜りく,https://note.com/kyousaigoukaku/n/n638294e81dde,<strong>家族で話し合う: ルールを一方的に決めるのではなく、家族全員の意見や感じることを取り入れて設定</strong>しましょう。,家の中で、子どもたちが心から守りたいと感じるルールは、どんなものでしょうか。家庭のルールは、ただの制約や命令ではありません。それは家族みんなで共有する価値や信念の表れであり、そのルールの背後には愛情が詰まっています。/家庭のルールを設定することは、子どもの成長を労るため、また家族としての絆を深めるための大切なステップです。効果的なルール設定は、子どもたちの自立を促し、親子間のトラブルを減少させる可能性があります。しかし、ルールをただ決めるだけでなく、それを実践することが鍵となります。/定期的に見直し: 時間と共に子どもたちの成長や家族の状況が変わるので、定期的にルールを見直し、更新することが大切です。 · 家族みんなで助け合い、応援しながら、家庭のルールを作成し、それを実践することは、一家の絆を強くする素晴らしい方法です。子どもたちが大人になった時、そのルールの中に込められた愛情や思い出を感じ取れることでしょう。子どもたちの心に残る、愛情溢れる家庭のルールを一緒に作り上げましょう。/家族で話し合う: ルールを一方的に決めるのではなく、家族全員の意見や感じることを取り入れて設定しましょう。,5,site:note.com 家庭内ルール 要件定義,2026-06-28T03:18:56.026Z
家庭内ルール 要件定義,note,フリーランス、家を買う。マーケターが注文住宅を本気で攻略しにいった話｜takumi sekiya,https://note.com/takemesky524/n/n789c7838e0ab,さて、要求を整理したところで、実際に施工するための要件を定義していくことになります。上記のランドリールームのように、取りやめたことを削っていき、最終的な要件を固めます。 ここでは、今まで以上に入居後の生活をイメージするように努めました。 例えば、私の場合は独立した仕事部屋＝書斎において、ここの壁にはモニターをウォールマウントで取り付けたい。こっちの壁にはホワイトボードをビスどめする。といったことをイメ,私が注文住宅を建てようと思ったのは、長女が年中になり、小学校入学前には住居を確定させたい（途中で転校はさせたくない）と思ったことでした。幸いにも実家があった土地の所有権を持っていたので、建売（土地付き）ではなく、注文住宅という選択をすることになりました。 注文住宅を検討し始めて最初に感じたことは、 「これ、完全にプロジェクト管理じゃん…」 ということ。 予算やスケジュール管理、関係者との調整、そして何よりも「要件定義」がうまくできるかが成功と失敗を分ける分水嶺になると感じました。 そんなマーケターの私の視点で注文住宅の要件定義に取り組んだ体験談をシェアします。/というプロセスですが、注文住宅はまさにそのものでした。 この点からして、「最初に要件定義をしっかりしなくては必ず後悔する」と感じました。 ウェブ制作の現場なんかでよくあるのは、クライアント様からの「善きにはからえ」という号令。（笑） 「算？できるだけ安くに決まってる。」「イメージ？なんかオシャレにして。」といった曖昧なゴールイメージで進めていくと、急に「今週中には納品して！」とか、「え、そんなにコストかかるの？」とか、「思ってたのと違う」ということが起こります。 抽象的な発注では必ず齟齬が生じるので、要件定義をしっかり行うことで具体的なイメージをハウスメーカーに伝えられるようにしました。/要件定義を始める前に、最初に行ったのが「前提条件の整理」です。 注文住宅を成功させるために、自分たちの環境や制約条件を明確にする必要があります。 具体的には以下のような項目です。/さて、要求を整理したところで、実際に施工するための要件を定義していくことになります。上記のランドリールームのように、取りやめたことを削っていき、最終的な要件を固めます。 ここでは、今まで以上に入居後の生活をイメージするように努めました。 例えば、私の場合は独立した仕事部屋＝書斎において、ここの壁にはモニターをウォールマウントで取り付けたい。こっちの壁にはホワイトボードをビスどめする。といったことをイメ,7,site:note.com 家庭内ルール 要件定義,2026-06-28T03:18:56.026Z
家庭内ルール 要件定義,note,要件定義で毎回“何を確認すればいいか”散らかるので、AIと一緒に整理してみた｜tesshiko,https://note.com/tesshiko/n/nbd4227ee1c06,1. はじめに 「要件定義って、これで合ってるのかわからぬ」 PMとして要件定義の荒波に揉まれていると、ふと虚空を見上げて 「これ、ちゃんと要件を定義できてるのか？」 と自問自答する瞬間が多々あります。 例えば 顧客要望不明： 結局、何が欲しいんや……,1. はじめに 「要件定義って、これで合ってるのかわからぬ」 PMとして要件定義の荒波に揉まれていると、ふと虚空を見上げて 「これ、ちゃんと要件を定義できてるのか？」 と自問自答する瞬間が多々あります。 例えば 顧客要望不明： 結局、何が欲しいんや……/一般的に、要件定義ですべきことは何？箇条書きで教えて/業務ルール確認 → 大まかな流れはわかるが実情は多分あんまりわかっていない。,8,site:note.com 家庭内ルール 要件定義,2026-06-28T03:18:56.026Z
家庭内ルール 要件定義,note,家庭内の絆を深める！円滑なコミュニケーションを促すルール作りのヒント｜にんげん観察係長,https://note.com/ningen_kansatu/n/ne3253717e896,家庭は私たちにとっての安らぎの場…のはずが、実際には「洗濯物は誰が畳むの？」「リモコンどこ行った？」といった小さな戦争が勃発することも珍しくありません。そんな家庭内のドラマをコメディではなく感動巨編に変えるため、ルール作りという名の「家族の平和条約」を導入してみてはいかがでしょうか？この記事では、家族みんながニコニコ笑顔で過ごせるヒントをご紹介します。,家庭は私たちにとっての安らぎの場…のはずが、実際には「洗濯物は誰が畳むの？」「リモコンどこ行った？」といった小さな戦争が勃発することも珍しくありません。そんな家庭内のドラマをコメディではなく感動巨編に変えるため、ルール作りという名の「家族の平和条約」を導入してみてはいかがでしょうか？この記事では、家族みんながニコニコ笑顔で過ごせるヒントをご紹介します。/家庭は小さな社会。ここでは、朝から晩まで小さな事件が起こります。例えば、「リモコン行方不明事件」や「ゴミ出し忘却問題」。これらは些細なことかもしれませんが、解決策を持たずに放置すると、家庭内での雰囲気が険悪になりがちです。 · ルールを作ることで得られるのは、次のようなメリットです。/争いの種が激減 「誰が今日洗い物するの？」という議論も、ルール一つで消滅。 · 安心感の向上 「今日は何が起こるんだ？」というスリル満点の生活からの脱却。 · 家族全員の信頼感UP 「あ、この家庭って私にもルールを守る価値がある場所なんだな」と子どもたちも感じます。/褒める文化を作る ルールを守れたら「グッジョブ！」と一言添えるだけで、家族全員がやる気を出すこと間違いなし。 · 楽しくする工夫を 例えば、毎月「家庭のルールグランプリ」を開催して、最も役立つルールをみんなで投票し合う、なんて楽しいですよね。,9,site:note.com 家庭内ルール 要件定義,2026-06-28T03:18:56.026Z
家庭内ルール 要件定義,note,【備忘録】システム開発の要件定義は家づくりと似ている｜ひさし,https://note.com/hisasy/n/na79e0bd7cd3b,家づくりでの例） To-Be（将来の状態）での変化と価値をまとめる ・通勤時間、治安、災害対策、生活の質、コミュニケーション、子育てなど比較 関係者と合意形成する ・両親、親戚、友人など関係者に仕様を共有し、見直しや再確認が必要なものがないか調べる 要件（仕様）として定義する ・標準仕様は何があるか、個別仕様は何があるか、詳細な仕様を決める ・住宅業者と契約をする,参考記事：https://www.ipa.go.jp/archive/files/000065172.pdf 要件定義のプロセス STEP1. 初期要求（希望）を聞き出す 初期要求を明確にする ・現場で既存の要求を集める ・過去に調査・実施した要求がある ・要求を是正せずにそのまま集め、事態を把握する 色々な要求を聞き出した後に真の要求、つまり、どうなりたいか？を明確にしてあげるのがポイント 家づくりでの例） まず、どんな家に住みたいのか希望を聞き出す。 その後に、どんな新しい生活をしたいのか？という真の要望を聞き出す。 どんな家に住みたいか？（要求） →一戸建て、システム/家づくりでの例） To-Be（将来の状態）での変化と価値をまとめる ・通勤時間、治安、災害対策、生活の質、コミュニケーション、子育てなど比較 関係者と合意形成する ・両親、親戚、友人など関係者に仕様を共有し、見直しや再確認が必要なものがないか調べる 要件（仕様）として定義する ・標準仕様は何があるか、個別仕様は何があるか、詳細な仕様を決める ・住宅業者と契約をする/要件（仕様）として定義する ・要求を仕様として具体化する ・既存と同じでも使用を提示する ・ヌケ、モレ、曖昧なくドキュメントを記載する/1.To-Be（将来の状態）での変化と価値をまとめる 2.関係者と合意形成する 3.要件（仕様）として定義する,10,site:note.com 家庭内ルール 要件定義,2026-06-28T03:18:56.026Z
家庭内 ポイント制度 設計,note,家事の見える化シートを作ってポイント制で運用した話｜はやぶさ,https://note.com/hayap/n/ne032a00a31a4,そのため、家事のタスクごとにお互いが「やりたいか・やりたくないか」を話し合い、ポイントを設定しました。お互いやりたくないことは、その分ポイントが高くなります。そして、1週間のうちポイントをより多くゲットした人はごほうびとして、スーパーで買い物する時に好きなものを買って良いというルールにしました。,そのため、家事のタスクごとにお互いが「やりたいか・やりたくないか」を話し合い、ポイントを設定しました。お互いやりたくないことは、その分ポイントが高くなります。そして、1週間のうちポイントをより多くゲットした人はごほうびとして、スーパーで買い物する時に好きなものを買って良いというルールにしました。/毎週ポイント計算して振り返りをしていたのですが、そこには連敗を重ねる僕の姿が！！お互いに合意してポイント化されたタスクを、誰がどれだけやったかが定量化されると言い訳もクソもありません。彼女さんに感謝の意を表しつつ、できることは拾うようにしようと思うようになりました。/ちなみに参考にしたのはこの記事。 小室淑恵 家事分担のコツは明文化 ポイント制で厳密に,1,site:note.com 家庭内 ポイント制度 設計,2026-06-28T03:18:56.543Z
家庭内 ポイント制度 設計,note,働かざる者、喰うべからず。我が家の子ども達の家事事情。｜入門真生／認定NPO法人好きっちゃ北九州／学びと気付きのアウトプット,https://note.com/irikado_masao/n/n0073b8facc8d,そこで、 途中からさらに進化したのは、 率先してやると『加点』、という制度を追加しました。,そこで導入したのは、ポイント制。 いや、『完全ポイント制』です。 · お手伝いをしたら、お小遣いをあげる的な制度は、多くのご家庭でされてらっしゃると思います。 我が家ももちろんやったことがありますが、 これが破綻する日が必ずきます。/このポイント制度は、中途半端と言わざるを得ません。/そこで、 途中からさらに進化したのは、 率先してやると『加点』、という制度を追加しました。/加点制度を創設して、さらに率先してするようになりました。,2,site:note.com 家庭内 ポイント制度 設計,2026-06-28T03:18:56.543Z
家庭内 ポイント制度 設計,note,ポイント管理システムの開発方法/手法/工程/手順や進め方/やり方/流れ｜株式会社ripla,https://note.com/ripla_business/n/n3d70873854ee,特に重要なのは、「必要な機能」ではなく「制度と業務が成立する条件」から考えることです。 ... ・1円単位でポイントを付与するのか ・税抜、税込どちらを基準にするのか ・値引き後金額に対して付与するのか ・返品時はどう扱うのか ・複数ポイント制度を併用するのか ・会員ランクで付与率を変えるのか,ポイント管理システムとは、会員やユーザーに対してポイントを付与、利用、失効、集計するための業務システムです。単にポイント残高を管理するだけではなく、会員制度、購買履歴、ランク制度、クーポン施策、キャンペーン、アプリ会員証などと連動しながら、継続利用や再購入を促進する基盤として機能します。代表的な対象業界は以下です。/・ポイント付与、利用ルールをExcelや手作業で管理している ・店舗、EC、アプリでポイントが分断している ・会員ごとの残高や履歴確認に手間がかかる ・キャンペーンごとの付与条件が複雑で運用ミスが起きる ・ポイント制度が販促や継続率改善につながっているか見えにくい/・どの事業、どの店舗、どのチャネルで使うのか ・会員制度とどのように連動するのか ・ポイント付与の条件は何か ・ポイント利用の条件は何か ・失効ルールはどうするのか ・キャンペーン時だけ付与率を変えるのか ・店舗、EC、アプリで共通化するのか ・会計、CRM、会員証、POSとどう連携するのか/特に重要なのは、「必要な機能」ではなく「制度と業務が成立する条件」から考えることです。 ... ・1円単位でポイントを付与するのか ・税抜、税込どちらを基準にするのか ・値引き後金額に対して付与するのか ・返品時はどう扱うのか ・複数ポイント制度を併用するのか ・会員ランクで付与率を変えるのか,3,site:note.com 家庭内 ポイント制度 設計,2026-06-28T03:18:56.543Z
家庭内 ポイント制度 設計,note,ポイントカードシステムの開発方法や立ち上げプロセスとは？～進め方のポイントや費用相場/コスト/見積も解説～｜株式会社ripla,https://note.com/ripla_business/n/nd8ae29f1fbc4,・ポイントカードシステム開発の進め方・立ち上げプロセス ・要件定義で必ず押さえるべきポイント ・失敗しやすい落とし穴 ・開発費用の考え方・相場感,・会員登録経路の多さ ・POSやECなど外部システム連携の有無 ・ポイント付与ルールやキャンペーンルールの複雑さ ・クーポン、会員ランク、紹介制度などの機能追加 ・管理画面や分析画面の作り込み度合い ・既存会員データ移行の難易度/そのため、まずは会員管理、基本的なポイント付与・利用、最低限のクーポン施策から始め、その後にランク制度やセグメント配信、EC連携などを拡張していく進め方が、結果として費用対効果が高くなりやすいです。/・ポイントカードシステム開発の進め方・立ち上げプロセス ・要件定義で必ず押さえるべきポイント ・失敗しやすい落とし穴 ・開発費用の考え方・相場感/ポイントカードシステムとは、来店や購入、キャンペーン参加などの行動に応じて会員へポイントを付与し、再来店促進や顧客データ活用につなげるための業務システムです。紙のスタンプカードのデジタル版というだけではなく、会員管理、購買履歴管理、ポイント残高管理、クーポン配信、ランク管理、販促施策の効果測定までを支える基盤といえます。,4,site:note.com 家庭内 ポイント制度 設計,2026-06-28T03:18:56.543Z
家庭内 ポイント制度 設計,note,【2026年最新版】ポイントシステムとは？成功する設計と必要機能を徹底解説｜株式会社クロト | webマーケティング、システム開発、web制作などで約20年,https://note.com/55clotho/n/n2ca2dacd6dc6,「ポイントシステムを導入したいが、何から考えればいいのかわからない」 「作ったはいいが、まったく使われないポイント制度になっている」 このような悩みを抱える企業は少なくありません。 ポイントシステムは一見シンプルに見えますが、設計を間違えるとコストだけが増え、成果が出ない仕組みになりがちです。 本記事では、 【ポイントシステムとは】成功するポイントシステムの設計、機能 というキーワードに沿って、 ・ポイントシステムの基本 ・成功する設計の考え方 ・必要な機能 ・業種別の活用方法 ・失敗しやすい注意点 を、誰でも理解しやすい言葉で解説します。 これからポイント制度を検討する経営企,・会員登録・ログイン ・ポイント付与 ・ポイント残高確認 ・ポイント利用（割引・交換） ・有効期限管理 ... ・ランク制度（ゴールド会員など） ・行動ポイント（来店・レビュー投稿） ・キャンペーンポイント ・クーポン連携 ・メール／LINE連携/「ポイントシステムを導入したいが、何から考えればいいのかわからない」 「作ったはいいが、まったく使われないポイント制度になっている」 このような悩みを抱える企業は少なくありません。 ポイントシステムは一見シンプルに見えますが、設計を間違えるとコストだけが増え、成果が出ない仕組みになりがちです。 本記事では、 【ポイントシステムとは】成功するポイントシステムの設計、機能 というキーワードに沿って、 ・ポイントシステムの基本 ・成功する設計の考え方 ・必要な機能 ・業種別の活用方法 ・失敗しやすい注意点 を、誰でも理解しやすい言葉で解説します。 これからポイント制度を検討する経営企/を、誰でも理解しやすい言葉で解説します。 これからポイント制度を検討する経営企画・Web担当者の方は、ぜひ参考にしてください。/失敗例で最も多いのが、 目的不明のポイント制度です。,5,site:note.com 家庭内 ポイント制度 設計,2026-06-28T03:18:56.543Z
家庭内 ポイント制度 設計,note,【アイデア20選】社員のモチベーションと組織力を高める！インセンティブ＆ポイント制度｜OriginalSelf合同会社（オリジナルセルフ）,https://note.com/originalself/n/n597863c45da4,クエスト方式の業務達成制度 → ゲームのように「社内クエスト（課題）」を用意し、クリアするとポイントや報酬を獲得。例：「マニュアル作成」「業務改善提案」,ページをご覧いただき、ありがとうございます。 OriginalSelf合同会社（オリジナルセルフ）の新井です。 弊社は、中小企業様向けの経営サポートサービスを行っています。 経営サポートサービス | OriginalSelf合同会社 全国の中小企業のための経営サポートサービス。AI導入支援、PR支援（WEB/営業/販売）、人材採用支援、事業承継支援をお考 originalself-llc.my.canva.site 今回は、社員のエンゲージメントを高め、組織全体を活性化するための「インセンティブ＆ポイント制度」に焦点を当てたアイデアになります。 社員のモチ/今回は、社員のエンゲージメントを高め、組織全体を活性化するための「インセンティブ＆ポイント制度」に焦点を当てたアイデアになります。 社員のモチベーション向上やチームワークの強化にお役立ていただければ幸いです。/スキルポイント制度の導入 →新しいスキルを習得した社員にポイントを付与し、特典と交換できる仕組みを導入。（例：資格取得、セミナー受講、業務改善提案）/クエスト方式の業務達成制度 → ゲームのように「社内クエスト（課題）」を用意し、クリアするとポイントや報酬を獲得。例：「マニュアル作成」「業務改善提案」,6,site:note.com 家庭内 ポイント制度 設計,2026-06-28T03:18:56.543Z
家庭内 ポイント制度 設計,note,トレンドの社内通貨とは？導入手順やメリット・デメリット、小規模から社内通貨を導入できるサービスもご紹介｜Pokepay公式,https://note.com/pokepay/n/nc95b1cb89bbb,一方で、制度の設計や運用に不備があると、期待した効果が得られないどころか、逆効果になることもあります。以下では、社内通貨の導入に際して気をつけておくべき主なポイントを解説します。,従業員のモチベーション向上や社内コミュニケーションの活性化、柔軟な評価制度の実現に向けて、注目を集めているのが社内通貨という仕組みです。 企業独自のポイントやコインを使い、従業員同士の承認や感謝の気持ちを可視化するこの制度は、業績評価や報酬体系を見直したいと考えている組織にとって、ひとつの有効な選択肢になりつつあります。 この記事では、社内通貨とは何かという基本から、導入のメリットやデメリット、運用パターンの紹介、実際に導入する手順、さらに無料で導入できるおすすめのサービスまで、実践的な情報をお届けします。/一方で、制度の設計や運用に不備があると、期待した効果が得られないどころか、逆効果になることもあります。以下では、社内通貨の導入に際して気をつけておくべき主なポイントを解説します。/社内通貨とは、企業内でのみ利用できる独自の通貨やポイントのことで、従業員同士の感謝や協力、努力といった目に見えにくい貢献を可視化し、より良い組織文化を育てる手段として注目されています。 給与とは異なる補完的な仕組みとして、業務成果や社内貢献に対して付与されるほか、特定の福利厚生やインセンティブと交換できるようにする企業が増えています。 この仕組みが広がった背景にはいくつかの要因があると考えられています/社内通貨を取り入れることで、単なる評価制度の刷新にとどまらず、組織文化や従業員間のつながりにも好影響を与えることが期待されます。ここでは、導入によって得られる代表的なメリットを紹介します。,7,site:note.com 家庭内 ポイント制度 設計,2026-06-28T03:18:56.543Z
家庭内 ポイント制度 設計,note,【保存版】報酬制度 設計方法②｜ハイマネージャー / HiManager,https://note.com/kengomori/n/n829ffaa5ec54,その場合、同じ給与だと不公平に感じてしまい、外部へ流出してしまう可能性もあるため、職種間での差異にも注意する必要があります。 ※一方で差の根拠がないと不満を招くこともありますので注意が必要です。 ※こちらの差の根拠として、等級制度において職種別にコースを分け、説明が可能なように設計する方法が一般的です。,"今回は、前回に引き続き報酬制度の設計方法について、基本給に焦点を絞りご説明をさせていただきます！それでは、よろしくお願いいたします。 1,評価の報酬への反映方法 まずは、報酬制度と評価制度の繋がりについて検討していきます。 評価結果の報酬への反映方法としては大きく2種類あり、①それぞれの評価対象に対して異なる還元を行う方法と、②評価対象の結果を総合的に判断して還元する方法の2パターンがございます。 一般的には成果と行動の両方のコミットメントを引き出すために、両方の評価結果を総合的に反映させる形で、基本給や賞与へ還元させる方法が多く取られます。 というのも、スタートアップの場合/回答としましては、上限値を設定しなかったり、全等級を同一の給与ピッチでご設定する会社様もいらっしゃいます。 ですが、そうしてしまうと、昇格せずとも一定成果を出し続ければ昇給し続けることができるため、昇格することへのインセンティブが薄れてしまいます。そのため、等級制度を設定している場合には各等級の上限値を設定されることを推奨いたします。/モチベーションを高めつつ、公正かつ納得感を持てるようシンプルで分かりやすい人事制度にアップデートするため、シングルレートではなく、昇給ピッチを作成し、評価者の恣意性を排除するためデジタル的に昇給することを推奨しております。/その場合、同じ給与だと不公平に感じてしまい、外部へ流出してしまう可能性もあるため、職種間での差異にも注意する必要があります。 ※一方で差の根拠がないと不満を招くこともありますので注意が必要です。 ※こちらの差の根拠として、等級制度において職種別にコースを分け、説明が可能なように設計する方法が一般的です。",8,site:note.com 家庭内 ポイント制度 設計,2026-06-28T03:18:56.543Z
家庭内 ポイント制度 設計,note,結婚生活はポイント制である｜尾野マテオ,https://note.com/matheo_ono/n/n5bbc75522fec,結婚生活のことに話を戻すと、私がなぜポイント制であることを意識しているかというと、その「あのときはこうだった/こうしてほしかった」と後になって妻から言われたくないからです。その言葉を口にさせてしまった時点で、夫である私は窮地に立たされます。たいていの言い訳は通じません。弁解無用とはこのことです。,控え目にいって、結婚生活は目に見えないポイント制で成り立っていると思います。数では数えられないんだけど、お互いなんとなく重量で感じられるポイントです。その重さを見誤ると大変なことが起こる、それです。/結婚生活のことに話を戻すと、私がなぜポイント制であることを意識しているかというと、その「あのときはこうだった/こうしてほしかった」と後になって妻から言われたくないからです。その言葉を口にさせてしまった時点で、夫である私は窮地に立たされます。たいていの言い訳は通じません。弁解無用とはこのことです。,9,site:note.com 家庭内 ポイント制度 設計,2026-06-28T03:18:56.543Z
家庭内 ポイント制度 設計,note,【CAJICO】 家事の見える化アプリで家族の絆を深めよう！｜ポストック運営事務局,https://note.com/postockapp/n/ne17d74279476,<strong>CAJICOの最大の特長は、家事や育児のタスクをこなすことで獲得できるポイントシステム</strong>です。 料理カテゴリーの中でも、朝ごはん作りや皿洗いといった細かな項目を設定すること...,"こんにちは！ポストック運営事務局です。 みなさんは家事や育児の分担で 『自分私ばかりが頑張っている』『誰も手伝ってくれない』 そんな思いをしたことはありませんか？ 今日は、そんな家事と育児の労力を「見える化」し、家族間のコミュニケーションを豊かにするおすすめ家事アプリ「CAJICO」をご紹介します！ ‎CAJICO - 家族やカップルで一緒に使える家事共有アプリ ‎CAJICO（カジコ）は家族の家事/育児をポイントに、たまったポイントで家族からごほうびをもらえる分担・共有アプリです。 apps.apple.com CAJICO - 家族やカップルで/CAJICOの最大の特長は、家事や育児のタスクをこなすことで獲得できるポイントシステムです。 料理カテゴリーの中でも、朝ごはん作りや皿洗いといった細かな項目を設定することができるので、いわゆる""名もなき家事""とされやすい『子どもの宿題見守り』『シャンプーの詰め替え』なども可視化することができます！/共に暮す家族だからこそ、それぞれの努力や負担は、日常の中で見えにくくなりがちです。 CAJICOを導入することで、『あれ、思ったより家事やってくれてるな』なんて思うこともあるかもしれませんし、『やっぱり自分の」負担の方が大きい！』と思った方もいらっしゃるかもしれません。 そんなときは、溜まったポイントを見せながら話し合うことで、より前向きに話し合うことができるかもしれませんね 皆様も是非、CAJICOを家族の生活の中に取り入れてみてくださいね！/‎CAJICO - 家族やカップで一緒に使える家事共有アプリ ‎CAJICO（カジコ）は家族の家事/育児をポイントに、たまったポイントで家族からごほうびをもらえる分担・共有アプリです。 apps.apple.com",10,site:note.com 家庭内 ポイント制度 設計,2026-06-28T03:18:56.543Z
子育て 仕組み化 note,note,仕事と育児の両立がラクになる！子育てママ向けNotion活用法｜Nahana,https://note.com/nahana_787/n/neb52328474d9,子育てをしながら働くのは大変。タスク管理やスケジュール調整に頭を悩ませていませんか？Notionを使えば、仕事と育児の両立がぐっとラクになり、スキマ時間を効率的に活用できます。ここでは、子育て中のワーマ...,,1,site:note.com 子育て 仕組み化 note,2026-06-28T03:18:57.108Z
子育て 仕組み化 note,note,子育て | 育児・教育｜note（ノート）,https://note.com/topic/childcare_education/parenting,メインコンテンツへスキップ · トピック · noteプレミアム · note pro · ヘルプ · プライバシー · フィードバック · ご利用規約 · 通常ポイント利用特約 · 加盟店規約,,2,site:note.com 子育て 仕組み化 note,2026-06-28T03:18:57.108Z
子育て 仕組み化 note,note,#138 子育てで後悔しないために知っておきたい「本当に大切なこと」10選｜むーまん＠子育て式マネジメント,https://note.com/0719_muman/n/nd1a8040922fd,子育て世代のビジネスマンへ｜部下との関係に悩んでませんか？｜20年で1000人以上の指導経験から「子育ての原理原則をマネジメントに活用する方法」を毎朝発信！｜1on1が変わる・チームが育つ・自分も楽になる｜noteで実践テンプレ公開｜明日から使える保存版多数｜DM相談OK！,子育て世代のビジネスマンへ｜部下との関係に悩んでませんか？｜20年で1000人以上の指導経験から「子育ての原理原則をマネジメントに活用する方法」を毎朝発信！｜1on1が変わる・チームが育つ・自分も楽になる｜noteで実践テンプレ公開｜明日から使える保存版多数｜DM相談OK！,3,site:note.com 子育て 仕組み化 note,2026-06-28T03:18:57.108Z
子育て 仕組み化 note,note,数秘でわかる！ママの子育てと自己実現 全12タイプ完全ガイド｜ゆっこ,https://note.com/yuki_mind358/n/nc0721cae5fc2,1.はじめに 子育てをしていると、 「どうして私はこんなにイライラしてしまうんだろう？」 「他のママはもっと上手にやれている気がする」 そんなふうに自分を責めてしまうことはありませんか？ でも実は―その原因やパターンは 「数秘」 に表れているかもしれません。 数秘は、生年月日からわかる「心のクセ」や「強みの方向性」を教えてくれるツール。 自分の数秘を知ると、 つい繰り返してしまう子育てのパターン 子どもに響く声掛けのヒント ママ自身の夢ややりたいこととのバランスの取り方 が、すっと腑に落ちて理解できるようになります。 このシリーズでは、数秘1〜9、11、22、33,1.はじめに 子育てをしていると、 「どうして私はこんなにイライラしてしまうんだろう？」 「他のママはもっと上手にやれている気がする」 そんなふうに自分を責めてしまうことはありませんか？ でも実は―その原因やパターンは 「数秘」 に表れているかもしれません。 数秘は、生年月日からわかる「心のクセ」や「強みの方向性」を教えてくれるツール。 自分の数秘を知ると、 つい繰り返してしまう子育てのパターン 子どもに響く声掛けのヒント ママ自身の夢ややりたいこととのバランスの取り方 が、すっと腑に落ちて理解できるようになります。 このシリーズでは、数秘1〜9、11、22、33,4,site:note.com 子育て 仕組み化 note,2026-06-28T03:18:57.108Z
子育て 仕組み化 note,note,#育児 記事まとめ｜noteマガジン｜note,https://note.com/notemagazine/m/mfe1c69f3b626,妊娠から出産、子育て、教育についてなど、noteに投稿された育児系の記事をまとめていきます。,妊娠から出産、子育て、教育についてなど、noteに投稿された育児系の記事をまとめていきます。,5,site:note.com 子育て 仕組み化 note,2026-06-28T03:18:57.108Z
子育て 仕組み化 note,note,子育てと教育に効く心理学：ピグマリオン効果で小学生をポジティブに導く方法｜こんとりsan,https://note.com/contri_san/n/n6c008bebe539,この仕組みを理解するには、まず人が「どうして行動を変えるのか」を見つめる必要がある。鍵になるのは、「自己効力感（self-efficacy）」だ。これは「自分にはできる」という感覚であり、行動の動機づけにも大きく...,この仕組みを理解するには、まず人が「どうして行動を変えるのか」を見つめる必要がある。鍵になるのは、「自己効力感（self-efficacy）」だ。これは「自分にはできる」という感覚であり、行動の動機づけにも大きく影響する。子どもが「ぼくならできる」と思えたとき、挑戦する意欲が生まれ、結果的に成功体験が積み重なっていく。,6,site:note.com 子育て 仕組み化 note,2026-06-28T03:18:57.108Z
子育て 仕組み化 note,note,育児｜note（ノート）,https://note.com/topic/childraising,メインコンテンツへスキップ · トピック · noteプレミアム · note pro · よくある質問・noteの使い方 · プライバシー · フィードバック · ご利用規約 · 通常ポイント利用特約 · 加盟店規約,,7,site:note.com 子育て 仕組み化 note,2026-06-28T03:18:57.108Z
子育て 仕組み化 note,note,子育ての仕方がわからない場合｜shinshinohara,https://note.com/shinshinohara/n/n74b882aeb5f0,自分が育てられたようにしか 子どもを育てられない、という親御さんは少なからずいると思う。当然どの親も子どもを育てた経験ゼロから出発する。このため、参考になる子育て方法は、自分が子どもの頃に育てられ...,,8,site:note.com 子育て 仕組み化 note,2026-06-28T03:18:57.108Z
子育て 仕組み化 note,note,#145 子育ての「新常識」16選！昭和から令和へのアップデートで親子がラクになる方法｜むーまん＠子育て式マネジメント,https://note.com/0719_muman/n/n0f883cecd716,子育て世代のビジネスマンへ｜部下との関係に悩んでませんか？｜20年で1000人以上の指導経験から「子育ての原理原則をマネジメントに活用する方法」を毎朝発信！｜1on1が変わる・チームが育つ・自分も楽になる｜noteで実践テンプレ公開｜明日から使える保存版多数｜DM相談OK！,子育て世代のビジネスマンへ｜部下との関係に悩んでませんか？｜20年で1000人以上の指導経験から「子育ての原理原則をマネジメントに活用する方法」を毎朝発信！｜1on1が変わる・チームが育つ・自分も楽になる｜noteで実践テンプレ公開｜明日から使える保存版多数｜DM相談OK！/こんにちは、むーまんです。 「これで本当に合っているの？」「昔はこうだったけど、今はどうなの？」子育てをしていると、情報が多すぎて何が正解か分からなくなるときはありませんか？ 特に、祖父母世代の常識と現代の常識が異なり、板挟みになって悩む親御さんも少なくありません。「泣いても抱っこしすぎると甘やかしになる」「体罰は愛のムチ」といった昭和の常識が、現代では見直されつつあります。 時代と共に変わった子育ての新常識を知ることで、親も子もストレスフリーな毎日を送ることができます。 なぜ古い常識では通用しないのか？ 科学的研究の進歩が明かした真実 現代の発達心理学、脳科学、医学研究に/この記事が少しでもお役に立ちましたら、ぜひ「スキ」ボタンを押していただけると嬉しいです。また、noteやX(https://x.com/0719_muman)のフォローもしていただけると、最新の子育て情報や実践的なアドバイスを継続的にお届けできます。一緒に、令和の新しい子育てを実践していきましょう。,9,site:note.com 子育て 仕組み化 note,2026-06-28T03:18:57.108Z
子育て 仕組み化 note,note,子育てって、なかなか、うまくいかない｜木村創,https://note.com/hajime0307/n/n362865218a93,前日の夜、寝落ちしてしまったため、早朝3時に起きてnoteを書いて、お手紙のチェックと編集、家事や朝食の準備を進めました。できるだけ子どもたちに迷惑をかけたくなかったので、洗濯物のたたみ方が終わったちょうど6時半ごろに子どもたちが起きてきて、ここまでは自分の立てた計画通りに進んでいきました。 「今日は早く行かないといけないんだよ」と昨日から伝えていたものの、朝くらい、できるだけ急かさずに過ごそうと心がけていたのですが…。 ここから慌ただしい朝が始まります,保育の現場では、複数の保育者がチームとなり、段取りや連携の中で子どもたちの生活を支えています。 誰かが困っていれば助け合う仕組みがあり、一人に負担が集中することは少ない。 しかし、家庭ではそうはいきません。 20年も保育の現場に立っているのに、たった二人を見るだけなのに、うまくいかない…そんな情けなさを感じます。 「もっと言い方があったよな…」「まだ年少さんなのに…」「お母さんがいないだけでも大きな負担なのに…」と、夜になって振り返ってみると、申し訳ないことをしたなとしみじみ思います。/前日の夜、寝落ちしてしまったため、早朝3時に起きてnoteを書いて、お手紙のチェックと編集、家事や朝食の準備を進めました。できるだけ子どもたちに迷惑をかけたくなかったので、洗濯物のたたみ方が終わったちょうど6時半ごろに子どもたちが起きてきて、ここまでは自分の立てた計画通りに進んでいきました。 「今日は早く行かないといけないんだよ」と昨日から伝えていたものの、朝くらい、できるだけ急かさずに過ごそうと心がけていたのですが…。 ここから慌ただしい朝が始まります/3時からあれやこれやをやっていたのもあり、余裕をなくしていた自分。 あれもこれもこなそうとするうちに、結局は一番大切な「子どもの気持ち」に丁寧に向き合えなかったことを反省しました。 ただ、このnoteを書く時間は、私にとって自分を見つめ直す大切な習慣でもあります。だからこそ、忙しさの中でも書く時間だけは手放したくない。 仕方ないと思うことも大切だなと思いつつ、子どもたちに申し訳ない気持ちは拭えませんでした。/子育てをしていると、思うようにいかない瞬間の連続です。 わかってはいるのに焦ってしまったり、つい強い口調になってしまったり。 今日は、そんな“うまくいかない朝”の中で感じたことを、少しだけ振り返ってみたいと思います。 予定通りに進まない朝のはじまり 妻が出産のために入院しており、長女と次女との3人暮らしも2日目。 この日は、他園の公開保育の配信サポートがあり、どうしても早く出勤しなければなりませんでした。さらに金曜日はお便りの発行日でもあり、出発前に印刷のためのデータ送信を終わらせたいという目標を立てていました。 7時半の開園と同時に子どもを預けて、8時には園を出る。そう計画して,10,site:note.com 子育て 仕組み化 note,2026-06-28T03:18:57.108Z
家庭内ルール プロダクト設計,note,プロダクトの作り方。｜岡田宰 / 建築家の豊かな暮らしと働き方,https://note.com/tsukasaokada/n/nd9e8ae9de291,今回はその中でも、商品開発・プロダクトデザインについてを、僕なりにどのようにやっているかを、先日一般発売を開始した「mikke」の例を元に書いてみたいと思う。もしかしたらその手のプロからしたらトンチンカンなやり方かもしれないが、それも含めて、参考にしてもらえたら嬉しい。,僕は2id Architectsとして、建築家・インテリアデザイナーとして活動する一方、アウトドアブランド we know enough< も運営している。アウトドアブランドでの活動は建築家としての業務範囲と違い、文字通り0から100まで自分達でやっている。 ブランドのコンセプトを考え、商品を企画し、市場をリサーチし、実際のプロダクトをデザインする。製作会社を探し、金額や仕様について交渉し、生産管理をして、商品の組み立てまで行う。まだ終わらない。商品の在庫管理をしながらECサイトの運営、顧客対等、卸先とのやりとり、各メディアへの広報活動、SNS運用、広告、そして、最後は商品の配/ブランドのコンセプトを考え、商品を企画し、市場をリサーチし、実際のプロダクトをデザインする。製作会社を探し、金額や仕様について交渉し、生産管理をして、商品の組み立てまで行う。まだ終わらない。商品の在庫管理をしながらECサイトの運営、顧客対等、卸先とのやりとり、各メディアへの広報活動、SNS運用、広告、そして、最後は商品の配送作業までも行なっている。/今回はその中でも、商品開発・プロダクトデザインについてを、僕なりにどのようにやっているかを、先日一般発売を開始した「mikke」の例を元に書いてみたいと思う。もしかしたらその手のプロからしたらトンチンカンなやり方かもしれないが、それも含めて、参考にしてもらえたら嬉しい。/キャンプって実際結構暇だよね。というか子供達が時間を持て余すことが多い。Youtube見たいとか言い出す始末。それではわざわざキャンプに来た意味がない。親としてはもっと自然触れ合ってもらいたい。ファミリーキャンプにおいては、ある種の教育的な意味合いをもって遊んでいる人も多いと思う。 時間が潰せて、自然と触れ合う、僕らのブランドコンセプトでもある、「自然を想う時間をつくる」に繋がるプロダクトもしくはアクティビティはないだろうか。,1,site:note.com 家庭内ルール プロダクト設計,2026-06-28T03:18:57.588Z
家庭内ルール プロダクト設計,note,組織のルール設計を失敗させる7つの方法｜嶋 紘之,https://note.com/growsic/n/n7c6562798024,ゴミ拾いや献血など自発的なモチベーションでやっていることに金銭報酬をつけると、むしろ参加者が減る。 これらの行為は自発的な動機(内的動機付け)でやっているのに、外からのインセンティブ(外的動機付け)を与えることで元々の動機が薄れてしまう。 プロダクトの失敗の例で言うと、楽天がcookpadのようなレシピサイトに参入した際、レシピ投稿に対しポイントを付与した。 レシピを投稿する行為が内的動機付けで動いているのに、外的動,ゴミ拾いや献血など自発的なモチベーションでやっていることに金銭報酬をつけると、むしろ参加者が減る。 これらの行為は自発的な動機(内的動機付け)でやっているのに、外からのインセンティブ(外的動機付け)を与えることで元々の動機が薄れてしまう。 プロダクトの失敗の例で言うと、楽天がcookpadのようなレシピサイトに参入した際、レシピ投稿に対しポイントを付与した。 レシピを投稿する行為が内的動機付けで動いているのに、外的動/幼稚園でのお迎えの遅刻を減らすために、遅刻に罰金が課されたケースがあった。その結果、罰金を支払えば遅れてもいいという考えが広がり、遅刻する家庭が増した。 罰金が「遅刻の免罪符」として機能してしまい、罰則本来の目的が失われている。罰は、行動の抑制ではなく、逆に行動を正当化するリスクがある。/組織におけるルール策定は難しい。でもルール策定失敗に法則性はある 組織で良いとされる行動を推奨したい、悪い行いを罰したいと言うときに、我々はルールを策定する。 直感的には、良い行いを直接褒めて悪い行いを罰すればいいだろうと簡単に考えがちだが、実際問題ルール策定は難しい。 ルールを策定したことによる副作用を考えて、組織という一つの小さな国の法律を策定する行為になってる。 幸いルール策定というのは律令国家が生まれてから長い歴史のある行為であって、ベスト(バッド)プラクティスが多くまとまっている分野である。 ルール策定の成功例はルールを執行する環境依存なのでそのまま真似しにくい。だが失敗/組織におけるルール策定は難しい。でもルール策定失敗に法則性はある 組織で良いとされる行動を推奨したい、悪い行いを罰したいと言うときに、我々はルールを策定する。 直感的には、良い行いを直接褒めて悪い行いを罰すればいいだろうと簡単に考えがちだが、実際問題ルール策定は難しい。 ルールを策定したことによる副作用を考えて、組織という一つの小さな国の法律を策定する行為になってる。 幸ルール策定というのは律令国家が生まれてから長い歴史のある行為であって、ベスト(バッド)プラクティスが多くまとまっている分野である。 ルール策定の成功例はルールを執行する環境依存なのでそのまま真似しにくい。だが失敗,3,site:note.com 家庭内ルール プロダクト設計,2026-06-28T03:18:57.588Z
家庭内ルール プロダクト設計,note,デザインとプロダクトマネジメントに共通する「体験設計」の身につけ方を考えてみる｜Kenji Kato,https://note.com/kenjikatooo/n/na351e2dd329c,「じゃあ、一体どうしたらいいんだ」と私自身も試行錯誤した時期がありました。そんな時に他社のデザイナー、プロダクトマネージャーの方々にヒアリングをさせてもらい、自社のプロダクトで実験をしてみたんです。その結果見えた「体験設計・情報設計を身に着けるための近道」は以下の通り。,"""Software is eating the world"" 著名投資家マーク・アンドレーセンが発表してから約10年。身の回りにはアプリやWebサービスが溢れ、多くのことがデジタルで済む時代になってきました。 Why Software Is Eating the World - Andreessen Horowitz Software is eating the world./「じゃあ、一体どうしたらいいんだ」と私自身も試行錯誤した時期がありました。そんな時に他社のデザイナー、プロダクトマネージャーの方々にヒアリングをさせてもらい、自社のプロダクトで実験をしてみたんです。その結果見えた「体験設計・情報設計を身に着けるための近道」は以下の通り。/これまでの経験や失敗、多くの方々からの助言、行ったリサーチから、体験設計と情報設計というふわっとした分野について言語化してみました。 · プロダクトマネジメントとデザインの両方に関わる身としては、すごくホットなテーマで、自分自身「もっと早く身につけたかったな」と思うこともあり、似たような境遇の方々に少しでも役立ててほしいと思いこの記事を書くに至りました。/次に、リアルなプロダクトの事例で、体験設計や情報設計について触れられているものを収集するとよいでしょう。",5,site:note.com 家庭内ルール プロダクト設計,2026-06-28T03:18:57.588Z
家庭内ルール プロダクト設計,note,AIの時代だからこそ求められる「設計思想」｜Tetsuya Yamashita,https://note.com/entrestudy_20xx/n/n004650e883b6,良い設計思想とは、シンプルでありながら、その「もの」の中心を徹底的に考え抜き、複雑に変化する環境と様々な制約条件をもとに、絶妙かつ最高のバランスを導くためのルールブックです。その優れたルールは、技術に対する深い造詣と経験、実際に「もの」が使用される環境や使い手の意思に対する深い理解、そして全ての要素を巧みに組み合わせる絶妙な感性から生み出されます。,良い設計思想とは、シンプルでありながら、その「もの」の中心を徹底的に考え抜き、複雑に変化する環境と様々な制約条件をもとに、絶妙かつ最高のバランスを導くためのルールブックです。その優れたルールは、技術に対する深い造詣と経験、実際に「もの」が使用される環境や使い手の意思に対する深い理解、そして全ての要素を巧みに組み合わせる絶妙な感性から生み出されます。/生成AIはあらゆるコンテンツの生成を可能としつつあり、ソフトウェアだけでなく、いずれ電子回路や機構設計、建築設計図といったハードウェアの設計図、そして製造・建築工程までも生成してゆくでしょう。その時の生成物、製造される「もの」のクオリティを最終的に決定するのは、LLMの性能でも、プロンプトエンジニアリングのスキルでもなく、AIに指示を与える人が考える設計思想です。 まだ見ぬ未来の形を想像し、あるべき姿を思い描き、そのコンセプトとルールを言語化する。この設計思想の創造は、私たち人間が担う仕事として残されています。/AIの進化は、まさに驚異的。文章や画像・音楽だけでなく、プログラムまで生成可能となり、その性能向上は止まるところを知りません。人が言葉(プロンプト)で指示するだけで、AIが様々なプロダクトを開発してくれる、まさに「ドラえもん」の世界が現実のものとなりつつあります。/意図するものをAIに作ってもらうには、一体どの様な「もの」が欲しいのか、正確に指示する必要があります。自分がイメージするプロダクトの完成形はどの様なものか、そのイメージを言葉で、正確かつ精密に表現し説明しなければなりません。 AIが作り出す生成物のクオリティは、使い手の言語化能力で大きく左右されます。,6,site:note.com 家庭内ルール プロダクト設計,2026-06-28T03:18:57.588Z
家庭内ルール プロダクト設計,note,"""ルール""を決めてデザインする意味-デザインシステムとガイドラインについてまとめてみた-｜hono",https://note.com/mms_0523/n/nc548b375e2ef,上記の内容は、デザインをする上で決めておくべき基本的なルールとなっています。 · では、先ほど登場した「デザインシステム」とは何か。 · プロダクトをより良いものとするためのルールやツールが連携した形でまとめられたもの。,正直、最初は「ここまで作り込む必要あるのか？」と思っていましたが、UIにおける最も重要で基本的な考え方である「一貫性」を担保するためには、必要不可欠ということが分かりました✍️そのプロダクト開発に携わる全ての人のために、緻密なルールは存在しています。 · 実はajikeはデザインパートナーとして伴走している、株式会社三井住友銀行（SMBC）さんのデザインシステムの設計・構築/社内への浸透・システムの積極活用を目指すプロジェクトに取り組みました。/上記の内容は、デザインをする上で決めておくべき基本的なルールとなっています。 · では、先ほど登場した「デザインシステム」とは何か。 · プロダクトをより良いものとするためのルールやツールが連携した形でまとめられたもの。/はじめまして！株式会社ajikeの新人UIデザイナー、honoと申します。 新人研修で「デザインルール」について学び、デザインをする時には詳細なルールが必要であることが分かったので、記事にしたいと思います。私と同じように、UIデザイナーとしてのスタート地点に立っている新人デザイナーの方の参考にもなったら嬉しいです！🌟/まず、デザインをする上でのルールについて書こうと思った理由は、研修で「デザインルールの作成」に取り組む中で見つけたデザインシステムに感動したからです。 参考資料として閲覧したクックパッドのデザインシステム（Apron）に心惹かれたのがその始まりでした。,7,site:note.com 家庭内ルール プロダクト設計,2026-06-28T03:18:57.588Z
家庭内ルール プロダクト設計,note,ルールデザイン / ルールメイキング関連のオススメ書籍（What編）｜tomo,https://note.com/tomo_legal/n/n7e350168949f,「実現したいことのためにどんなルール設計が効果的か」といったルールの中身を考えるにあたって、参考になるオススメ書籍を紹介します。,私は企業の法務部で働いていますが、契約に限らず、部内ルール・社内規程・グループ会社ガバナンスも含めて、「ルール」について考える機会が増えてきました。「どんなルールを作るべきか」を考える中で、その延長線上のような感覚で社外に目を向けて、どうやって社会のルールメイキングに関与するかについても興味が湧き、書籍やPMIルールメイキングスクールを通じて勉強しています。/ここではどんなルールを作るかという「What」と、ルール作りそのものをどう進めるか・どう関与していくかの「How」に分け、今回はその「What」に関連して面白いと感じた本を介したいと思います。/ルールをより効果的なものにするために必要な科学的事実が紹介されています。例えば厳罰化は違反抑制に効果なし、厳しすぎる規制は遵法意識を弱める、インセンティブは規範意識を歪める副作用がある、といったものがあります。/ローレンス・レッシグ教授の名著です。人の行動を制約する手法を (1)法、(2)規範、(3)市場、(4)アーキテクチャの4つに整理し、それぞれが持つ特徴を紐解いて理解できます。発刊当時は(4)アーキテクチャを提示している点が革新的だったのかもしれませんが、今となっては考慮必須の要素になっています。読み応えがある本ですが、今の時代のルールを考えるにあたっては必読の一冊と言えると思います。,8,site:note.com 家庭内ルール プロダクト設計,2026-06-28T03:18:57.588Z
家庭内ルール プロダクト設計,note,プロダクトの開発方法/手法/工程/手順や進め方/やり方/流れ｜株式会社ripla,https://note.com/ripla_business/n/n36fb26ff3f07,基本設計で重要なのは、「実現可能性を検討すること」です。どのような設計であればビジネス側の要求や要件を満たすような実装が可能なのかを明らかにすることが目標となります。 どの技術を利用するか、その技術を利用することで本当にその実現したいことは達成できるのか、達成するにあたっての課題はあるのか、あるならばどう解決するのかを考えるこが重要です。,設計フェーズでは、基本設計と詳細設計に分けて考えます。基本設計はシステム全体の大きな流れを決定するステップで、詳細設計は具体的な実装に取り掛かるための準備をするステップです。/基本設計で重要なのは、「実現可能性を検討すること」です。どのような設計であればビジネス側の要求や要件を満たすような実装が可能なのかを明らかにすることが目標となります。 どの技術を利用するか、その技術を利用することで本当にその実現したいことは達成できるのか、達成するにあたっての課題はあるのか、あるならばどう解決するのかを考えるこが重要です。/基本設計は変更が多く入ります。実現可能性を検討する過程で、さまざまな課題に直面するからです。最初から完璧な設計をしようと考えるのではなく、要件定義の時と同じで、全体から詳細、抽象から具体の順に少しずつ肉付けしていくイメージで設計を進めましょう。 設計に有用な方法論として、GoogleのDesign Docsのフォーマットを活用する例も増えていますし、より具体的にはシーケンス図で整理することが有用です。最近だとNotionで管理す/一方で、実装者の経験が豊富であったり能力が高ければ、基本設計はそこまで詳細に行う必要はありません。なぜなら、経験を元に、あらかじめ課題を予想することができるので、それを解決する設計を頭の中で描けるからです。細かく設計するのは時間的なコストになりますから、能力の高い実装者であれば、設計は適当でも問題ありません。むしろその方が速くプロジェクトを進めることができます。 しかし、実装者の能力を見誤り、実際に,9,site:note.com 家庭内ルール プロダクト設計,2026-06-28T03:18:57.588Z
家庭内ルール プロダクト設計,note,新人エンジニア向け：システム設計書の基本ガイド｜YUKIKO@（一流のIT研修講師を目指し学習中）知識は武器になる※記事は個人の学習記録です。,https://note.com/yukikkoaimanabi/n/n4ba937e122e5,詳細設計：「どのように作るか」を決める設計 · これは何？ システムで使用するコード（識別子）のルールを定めた文書です。,システム開発において、設計書は「システムの設計図」のような存在です。建築でいえば、設計図なしに家を建てることができないように、システムも設計書なしに開発することはできません。/設計書は、開発チーム全員が同じ理解を持つための「共通言語」です。あいまいな表現ではなく、誰が読んでも同じ理解ができる内容にすることが重要です。/設計書は、システム開発における「設計図」であり、開発チーム全員が共有すべき重要な文書です。最初は内容が複雑に感じるかもしれませんが、実際のプロジェクトで経験を積むことで、次第に理解が深まります。/新人エンジニアの皆さんは、まずは設計書を「読む」ことから始めて、徐々に「書く」スキルも身につけていきましょう。設計書をしっかりと理解することで、より良いシステム開発ができるようになります。,10,site:note.com 家庭内ルール プロダクト設計,2026-06-28T03:18:57.588Z
家庭内ルール 仕様書,Zenn,要求を仕様に落とすテンプレートを作ってみた,https://zenn.dev/channnnsm/articles/c3a6de22e71f86,受け入れ基準は「テストケース」の原型です。YesかNoで答えられる形で書きます。 ... 10MB を超えるファイルを選択した場合、「ファイルサイズが制限を超えています（上限10MB）」と表示される · 境界値（10MB ちょうどは？10.1MBは？）まで明記すると、テスト担当者が迷いません。 · 暗黙の前提は仕様書に書かない限り伝わりません。特に AI を使うシステムや外部データを扱うシステムでは「何をしてはいけないか」の明示が重要です。,💡 バージョン番号のルール（推奨） ... 受注入力の手作業ミスを撲滅し、担当者が本来業務に集中できる状態にする · 「何を作るか」ではなく「何を実現するか」で書きます。 開発が進む中で機能が変わっても、目的は変わりません。目的が変わったときこそが、仕様書を全面改訂するタイミングです。/しかし現実には、要件定義や仕様書の作成は現場ごとにやり方がバラバラで、極めて属人的なスキルになりがちです。「もっと体系的に、誰もが迷わず要求を仕様に落とし込める『型』が欲しい」——そうした背景から、GWのお題として、頭の整理も兼ねて作成したのが本記事で紹介する「要求仕様書テンプレート」です。/後から「あの話どこに書いてあったっけ」が頻発する · 要求仕様書は、こうした問題を未然に防ぐためのチームの共通言語です。 本記事では、筆者が作成した要求仕様書テンプレートを使って、会議の文字起こし・メモから実際の仕様書を作る手順を解説します。/受け入れ基準は「テストケース」の原型です。YesかNoで答えられる形で書きます。 ... 10MB を超えるファイルを選択した場合、「ファイルサイズが制限を超えています（上限10MB）」と表示される · 境界値（10MB ちょうどは？10.1MBは？）まで明記すると、テスト担当者が迷いません。 · 暗黙の前提は仕様書に書かない限り伝わりません。特に AI を使うシステムや外部データを扱うシステムでは「何をしてはいけないか」の明示が重要です。,1,site:zenn.dev 家庭内ルール 仕様書,2026-06-28T03:18:58.085Z
家庭内ルール 仕様書,Zenn,"仕様書は""使い捨て""にした方がうまくいった——仕様駆動開発3ヶ月の転換",https://zenn.dev/dely_jp/articles/ef573ae39b9162,/create-spec で要求仕様書を作成（人間 + AI） ↓ /create-plan で実装計画書を作成（人間 + AI） ↓ 実装計画のレビューと承認（人間） ↓ /execute-plan でPhase単位の実装（AI主導、人間はレビュー） ↓ 次のPhaseへ or 全Phase完了 · さらに、.claude/rules/ に動的ルールを配置し、編集するファイルに応じてData層・UI層・UseCase層・テストどのコーディング規約が自動でロードされる仕組みも整えました。,/create-spec で要求仕様書を作成（人間 + AI） ↓ /create-plan で実装計画書を作成（人間 + AI） ↓ 実装計画のレビューと承認（人間） ↓ /execute-plan でPhase単位の実装（AI主導、人間はレビュー） ↓ 次のPhaseへ or 全Phase完了 · さらに、.claude/rules/ に動的ルールを配置し、編集するファイルに応じてData層・UI層・UseCase層・テストどのコーディング規約が自動でロードされる仕組みも整えました。/この考え方をベースに自分なりにアレンジしたフローを数ヶ月間運用してみた結果、仕様書を正として維持し続ける運用に限界を感じ、仕様書の位置づけを変えることにしました。/この記事はAI-DLCそのものの評価ではなく、そこに着想を得た自分の試みについての振り返りです。仕様ドキュメントを「正として維持し続けるもの」から「開発の起点として使い切るもの」へ変えた経緯を書いていきます。 · モバイルアプリの開発では、Android/iOS/バックエンドでそれぞれ仕様の解釈がズレることがあります。デザインやPRDがあっても、実装レベルの細かい挙動がプラットフォーム間で異なってしまうケースは少なくありません。/この課題を解決するために考えていたのが、要求仕様書と実装計画書をドキュメントとして一元管理するアプローチです。AIがこのドキュメントを参照しながら実装を進めることで、仕様に沿った一貫した開発ができる。Android、iOS、バックエンドで共通の仕様書を持てば、プラットフォーム間の差異も防げるのではないか——そう考えていました。,2,site:zenn.dev 家庭内ルール 仕様書,2026-06-28T03:18:58.085Z
家庭内ルール 仕様書,Zenn,規程・標準・要領・マニュアル・ガイドラインの違いとは,https://zenn.dev/atman/articles/3ae58ba7ead076,形式：<strong>具体的な基準や仕様を明文化</strong>（フォーマット、チェックリスト、作業基準など）,規程：守らなければならない基本ルール（最上位） ... ※本資料で示した位置づけや定義はあくまで一般的な整理であり、実際の運用や呼び方は会社や組織ごとに異なる場合があることをご理解ください。 · 作業要領書と作業標準書の違い | newji/第1条（目的） 本要領は、社員の出張に伴う旅費精算手続きを定めるものである。 第3条（申請手続き） 1. 出張申請は出発の5営業日前までに行うこと。 2. 精算申請には以下の書類を添付すること。 - 出張報告書 - 領収書一式 第5条（承認） 所属部門長の承認をもって精算処理を行う。/性質：組織運営の根幹となる「基本ルール」/形式：具体的な基準や仕様を明文化（フォーマット、チェックリスト、作業基準など）,3,site:zenn.dev 家庭内ルール 仕様書,2026-06-28T03:18:58.085Z
家庭内ルール 仕様書,Zenn,仕様駆動開発の仕様書について考えてみる その３,https://zenn.dev/naoji/articles/spec-driven-dev-research-0030,それでは、上記のルールの詳細を説明します。,今回は、仕様書の記述内容、記述方式について考えてみます。/それでは、上記のルールの詳細を説明します。/詳細は、是非、業務システムのための上流工程入門をご参照ください。2003年10月発行の古い本ですが、業務システム構築の上流工程を理解する上で非常に有用な書籍です。/Mermaid の flowchart 構文を使ってデータフロー図（DFD）を書いてください。,4,site:zenn.dev 家庭内ルール 仕様書,2026-06-28T03:18:58.085Z
家庭内ルール 仕様書,Zenn,CSS大解剖 1日目: 「仕様書」,https://zenn.dev/qnighy/articles/8091294fda603d,本稿は、2024年2月頃に書き溜めていたシリーズです。最後まで温存させるのが勿体ないので、未完成ですがそのまま公開します(公開日: 2025/9/21)。そのため、内容の重複や記述方針の不一致があるかもしれませんが、ご理解ください。 · CSSの仕様を理解するために、1日ごとにテーマを決めて説明する企画1日目です。今日のテーマは「仕様書」です。,"本稿は、2024年2月頃に書き溜めていたシリーズです。最後まで温存させるのが勿体ないので、未完成ですがそのまま公開します(公開日: 2025/9/21)。そのため、内容の重複や記述方針の不一致があるかもしれませんが、ご理解ください。 · CSSの仕様を理解するために、1日ごとにテーマを決めて説明する企画1日目です。今日のテーマは「仕様書」です。/標準化して挙動を仕様書として書き起こすことによって、Webブラウザ間の相互運用性が高まり、Web開発者も互換性の高い記述を心掛けてCSSを書くことができるようになります。/とはいえ、仕様書と実装の関係は必ずしも一方向的ではありません。「仕様書に記載される → 実装される」というシンプルな順番であるとは限らないのです。実装されたものにあわせて仕様が修正されることもありますし、仕様として書かれながらなかなか実装されないこともあります。また、インターネットやWebの仕様策定においては、仕様策定に先立って実装を行うことでその有効性を検証することは一般的であり、CSSの策定プロセスでもこのことは考慮されています。/このスナップショットの最新版が、仕様書のトップページとして掲載されている ""CSS"" です。",5,site:zenn.dev 家庭内ルール 仕様書,2026-06-28T03:18:58.085Z
家庭内ルール 仕様書,Zenn,【ソフトウェア設計】ドキュメントとしてのコメント,https://zenn.dev/koduki/articles/605a0b1b667e8d,「コードが仕様書か否か」はプログラマーにとってお気に入りの争いの一つです。ある人は「仕様書は要らない。コードを読め」と言い、ある人は「仕様書は大事」という話をします。それぞれの主張はあるでしょうが、この記事では 「コードも仕様書」 という立場を取ります。,こちら最近書いてるソフトウェア設計シリーズです。モジュールをどう分割するのか？や【ソフトウェア設計】モジュールになぜ分けるのか？などの記事を書いています。今回はコメントの話を中心に書いていこうと思います。 · コード「も」仕様書、コメント「も」仕様書/「コードが仕様書か否か」はプログラマーにとってお気に入りの争いの一つです。ある人は「仕様書は要らない。コードを読め」と言い、ある人は「仕様書は大事」という話をします。それぞれの主張はあるでしょうが、この記事では 「コードも仕様書」 という立場を取ります。/この議論は、前提として 「仕様書とは？」 を定義する必要があります。ソフトウェア開発の現場では様々な仕様書が存在します。ともすればやや古典的ですらある分類として如何考えられます。/さらにそれぞれの仕様書と呼ぶものの中に、業務フロー図だったり、クラス図だったり、色々あります。「コードが仕様書か否か」を議論する場合は、暗黙のうちに詳細設計書を指す場合が多いと思います。特にその中でも話題になるのが プログラム設計書 です。プログラム設計書は変数名からクラスや関数定義、そしてプログラムのフローやロジックを書いたもので、この設計書の通りにコードを書くとプログラムが完成します。パンチカード,6,site:zenn.dev 家庭内ルール 仕様書,2026-06-28T03:18:58.085Z
家庭内ルール 仕様書,Zenn,DB設計｜テーブル定義書の作成,https://zenn.dev/airiin/articles/4691b219877e67,こちらのER図をもとにテーブル定義書を作成しています。 https://zenn.dev/airiin/articles/02ed96e9a80885 · 会員情報を扱うテーブルです。,注文ステータスと支払方法について 要件定義書より、注文ステータスには、「入金待ち」「入金確認」「製作中」「発送準備中」「発送済み」の5種類があり、支払方法には「クレジットカード」「銀行振込」の2種類がある。今回、これらを enumというシステムを利用して表したい。そのため、データ型をintegerにしている。,7,site:zenn.dev 家庭内ルール 仕様書,2026-06-28T03:18:58.085Z
家庭内ルール 仕様書,Zenn,仕様駆動開発の仕様書について考えてみる その４,https://zenn.dev/naoji/articles/spec-driven-dev-research-0040,前回は、仕様書の記述方法として、三要素分析法の最重要図であるデータフロー図についてMarkdown/Mermaidで記述する方法を整理しました。,属性は名前のみ記述し、可視性（+ - #）、型、セミコロンなどは 書かないでください。/あくまで「概念レベル」のモデルであり、実装に関わる要素（可視性、型、制御構文など）は書かない。/今回は、仕様駆動開発に適したデータモデルの記法、概念クラス図について整理しました。以降は、三要素分析法の残りの要素である、アクションツリー図、機能展開図についても同様に整理していきます。,8,site:zenn.dev 家庭内ルール 仕様書,2026-06-28T03:18:58.085Z
家庭内ルール 仕様書,Zenn,基本設計書の書き方 - SaaS向けテンプレート,https://zenn.dev/maman/articles/dce95541393673,→ 監視・ログ・メトリクスに 必ず tenant_id を入れる ことをルール化しておくと、後から効いてきます。 · 最後に、基本設計書を書き終えた後に確認するためのチェックリストです。,以前、システム構成図の書き方 という記事で、システムの全体像を可視化する重要性について書きました。 この記事ではその続編として、SaaSプロダクト開発における「基本設計書」の書き方を整理します。/従来の「単一テナント前提のエンタープライズシステム」とは設計の前提がだいぶ異なるため、設計ドキュメントの書き方もアップデートする必要があります。/ポイント： 基本設計書は「コードに直結するが、まだコードではない」レイヤーです。 クラス図やDDLなどの詳細は詳細設計書に逃しつつ、設計上の重要な判断と方針をここに集約します。/「B2B SaaSならサブドメイン推奨」「APIはヘッダーが扱いやすい」 など、 自プロダクトとしての基本方針をひと言書いておくと、フロント・バック間の齟齬を防げます。,9,site:zenn.dev 家庭内ルール 仕様書,2026-06-28T03:18:58.085Z
家庭内ルール 仕様書,Zenn,設計書や仕様書のMarkdownファイルをまとめる方法,https://zenn.dev/toshi0001/articles/9c515a6a81bc4f,普段、設計書や仕様書をMarkdownで管理している中で、AIに食わせたり、レビューに使うために単一ファイル化したいことがよくあります。そこで簡単に使えるスクリプトを作りました。,"仕様書・設計書などで、Makrdownの記載は有効だと考えています。/生成AIなど利用しているときには仕様書・設計書などの提示が有効で、そのためには上記ファイル群を単一にまとめた方が使い勝手いい/DOCS │ README.md # ディレクトリの意味合い │ 01_overview.md # 概要 │ 02_architecture_design.md # 基板の設計 ・・・ │ 05_api_spec.md # APIの設計 │ ├─features # 特定機能の機能について保存場所 │ │ DisplayChart.md # DisplayChartの仕様書 ・・・ │ │ ViewHistory.md # 参照履歴について仕様書 │ │ │ └─images │ DisplayChart_image01.png # DisplayChart.mdで利用する画像 ・・・ │ └─images 01_overview_image01.drawio.png # 01_overviewで利用する画像/import os import shutil def combine_markdown_files(input_directory, output_file_path): combined_content = [] # 出力ディレクトリのパスを取得し、出力用のimagesディレクトリを準備 output_dir = os.path.dirname(output_file_path) output_images_dir = os.path.join(output_dir, 'images') os.makedirs(output_images_dir, exist_ok=True) # 入力ディレクトリが存在するか確認 if not os.path.isdir(input_directory): print(f""エラー: 指定されたディレクトリ '{input_directory}' が見つかりません。"") return print(f""'{input_directory}' 内のMarkdownファ",10,site:zenn.dev 家庭内ルール 仕様書,2026-06-28T03:18:58.085Z
家庭内ルール 要件定義,Zenn,思想と仕様を分けて要件定義する,https://zenn.dev/rehabforjapan/articles/requirements-engineering,画面操作から要件を考え始めると、「ボタンを押したら保存する」のようなハッピーパスしか書けません。エラー時、0件、権限不足、途中離脱 --- こういった状態が抜け落ちます。 · そこで仕様書では、「どういう状態になったら完了か」を先に定義し、その状態に至る操作を後から設計する順序にしました。,何が決まっていて何が決まっていないのかが曖昧で、要件定義が必要以上に時間がかかってしまうことがありました。そこで、何に時間がかかっているのか、何を合意すべきかを整理してみたら、概念整理 → 合意形成 → 仕様生成の3段階に分かれると考えました。/概念整理は画面の詳細には踏み込みません。「ボタンの位置」「フォームの項目」は書きません。それは仕様生成の責務です。概念整理が定義するのは「この機能がどういう存在か」であって「この機能がどう見えるか」ではありません。 · 概念整理の出力を受けて、6セクション構成の仕様書ドラフトを生成します。 · 仕様書の構成は、参考記事とレビューで繰り返しあった指摘から決めました。 · ユースケースを整理してから仕様を書く → ビジネス要件・ユーザーストーリーを前半に/画面操作から要件を考え始めると、「ボタンを押したら保存する」のようなハッピーパスしか書けません。エラー時、0件、権限不足、途中離脱 --- こういった状態が抜け落ちます。 · そこで仕様書では、「どういう状態になったら完了か」を先に定義し、その状態に至る操作を後から設計する順序にしました。/--- name: concept-design description: 機能の概念整理を行う。遷移シナリオとペルソナを起点に、機能の思想・責務・範囲・設計判断を整理する。Architect Agent が起草し、Devil's Advocate Agent がレビューする2段階構成。 --- # Concept Design Skill 機能の概念整理を起草し、複数の視点からレビューする。概念整理は要件定義（product-spec）の前提となるドキュメント。 ## 使い方 /concept-design <機能名> 引数なしの場合はユーザーに対象機能を確認する。 ## ワークフロー,1,site:zenn.dev 家庭内ルール 要件定義,2026-06-28T03:18:58.514Z
家庭内ルール 要件定義,Zenn,要件定義はSVOC + 5W1(2)Hで!,https://zenn.dev/coconala/articles/414849eda5989a,そこで今回は私が要求定義書や要件定義書を書く上で最も心がけている 「SVOC + 5W1(2)H」 を踏まえ、「私なりの書き方」をご紹介したいと思います。,ところで皆さんは要求定義書や要件定義書を書くときに、どのように書くのが良いか悩むことはありませんか。私はいつも悩んでいます。 最初から完成度の高いものや形式にこだわりすぎると中々進まないし、かといって全くの無思慮・無計画で書き進めるのもいかがなものかと思います。/私が要求定義書や要件定義書を書く上で最も心がけている事です。これが一番難しいとは思いますがやはり日本という生活圏で活動する以上、標準的な正しい日本語の文章を書くことは大切です。/他の文書にも当てはまることですが、この点だけでも意識しながら書くことで要求定義書や要件定義書が大分良くなると思います。最初から完成度の高いものを目指さず、要求分析、要求開発に立ち戻るためのプロセスくらいに捉えて気負わずに書くスタンスで良いのではないでしょうか。/そこで今回は私が要求定義書や要件定義書を書く上で最も心がけている 「SVOC + 5W1(2)H」 を踏まえ、「私なりの書き方」をご紹介したいと思います。,2,site:zenn.dev 家庭内ルール 要件定義,2026-06-28T03:18:58.514Z
家庭内ルール 要件定義,Zenn,要望と要求と要件の違いをシステムと利用者との関係から捉えなおす,https://zenn.dev/fukuchiharuki/articles/fcfe257e58dfa6,要望と要求と要件の関係をベン図で表現した説明を目にすることがあります。この図では要望が最も広く、その中に要求があり、さらにその中に要件があります。要件は要求の、要求は要望のサブセットだというわけです。,課題をもつ利用者、解決としてのシステム、その間の関係があるなら、それぞれの定義があってもよさそうです。そこで、要望と要求と要件の関係を次の絵に当てはめてみます。/要件とはシステムの姿を描いたものであると考えると、要件の定義はもっと能動的な活動であることが分かります。優先度の高い機能を実装していくだけの受け身な活動ではありません。/要望と要求と要件は日常会話においてほとんど同じ意味で使われることもありますが、別の言葉を使うからにははっきりとした輪郭をもっておきたいものです。本稿では要望と要求と要件の違いをシステムと利用者との関係から捉えなおしてみます。/要望と要求と要件の関係をベン図で表現した説明を目にすることがあります。この図では要望が最も広く、その中に要求があり、さらにその中に要件があります。要件は要求の、要求は要望のサブセットだというわけです。,3,site:zenn.dev 家庭内ルール 要件定義,2026-06-28T03:18:58.514Z
家庭内ルール 要件定義,Zenn,要件定義書の成果物を1枚ずつ解説する記事がなかったので、架空のプロジェクトで自分でつくって解説します,https://zenn.dev/h4gi/articles/612cff3d96b3c0,「要件定義書、ちゃんと揃ってるけど、このまま進めていいのか分からない」——PMとして要件定義フェーズに立ったとき、一度はこの感覚を持つはずです。成果物は大量にあり、PMOやベンダーが用意してくれる。でも、最後に「OK」を出すのは自分。何を見て、何をもってOKと判断すればいいのか。,As-Is版と対になる、将来の業務機能構成図です。BZ-01〜BZ-15の15機能を体系的に並べ、「システム化する」「手作業で残す」を色分けで明示しています。たとえば受注受付（BZ-01）はEDI/Web化される一方、ピッキング（BZ-07）は現場作業として残る、といった判断が一目でわかります。この図がそのまま機能要件定義書の目次になります。 · As-Isフローと対比する形で、新しい業務の流れを描いた図です。「FAXで受注→Excelに手入力」が「EDIで自動受信/この記事は、これからPMとしてキャリアを始めたい人、事業会社で初めて要件定義フェーズのPMを任された人、IT関連の仕事でPMが要件定義で何を決めるのか知りたい人、すでにPMとして働いているものの、要件定義工程で自分が何に責任を持つべきかがまだ曖昧な人（およびPMを支えるPMOの方）に向けて書いています。/「要件定義書、ちゃんと揃ってるけど、このまま進めていいのか分からない」——PMとして要件定義フェーズに立ったとき、一度はこの感覚を持つはずです。成果物は大量にあり、PMOやベンダーが用意してくれる。でも、最後に「OK」を出すのは自分。何を見て、何をもってOKと判断すればいいのか。/この問いに答えるため、架空のプロジェクトを題材に、要件定義書（ビジネス要件）の全スライドを1枚ずつ解説します。前回の記事で「ビジネス要件とは何か」を概念的に説明しましたが、今回は「実際にどんな資料を、どんな順番で作るのか」を見ていきます。,4,site:zenn.dev 家庭内ルール 要件定義,2026-06-28T03:18:58.514Z
家庭内ルール 要件定義,Zenn,今すぐ使える要件定義のヒアリングリスト427メモ,https://zenn.dev/nagataichiko/scraps/65e24f744aee39,要求は変わるもの、変わる前提で確定する · 要求分析や要件定義の段階である程度決めなければいけない全体数を共有しておくと良いかも,,5,site:zenn.dev 家庭内ルール 要件定義,2026-06-28T03:18:58.514Z
家庭内ルール 要件定義,Zenn,ビジネスアナリストの視点で考える「要件定義はどこまで書くか」,https://zenn.dev/okikusan/articles/bfaf3fc5cea581,週次・月次の端数処理やコスト計算のアルゴリズムは、変更リスクが高い。最低限のルールを明示し、テストケースで早期に確認。 ... 短期プロジェクトやアジャイル手法では、MVP的にコア要件を優先し、追加要件は後続フェーズで詳細化。,特に、ビジネスロジックに「INのエンティティと項目名を使った計算式・処理」を書き、**データ要件（エンティティ.項目名）**と紐づける。🔍 · 計算ロジックが含まれる機能では、事前にテストケースを作成し、ステークホルダーと答え合わせをしておくことで、誤解や不具合を防ぎやすくなります。 ... 曖昧なルール（端数処理など）はテストケースで明確化し、ステークホルダーと早期に合意。/週次・月次の端数処理やコスト計算のアルゴリズムは、変更リスクが高い。最低限のルールを明示し、テストケースで早期に確認。 ... 短期プロジェクトやアジャイル手法では、MVP的にコア要件を優先し、追加要件は後続フェーズで詳細化。/計算ロジックやビジネスルールの変化リスクに備え、最低限のルールを明示しテストケースを準備。 · 本記事では、タイムシート管理システムを例に、ビジネスアナリストとして以下の要件をどこまで詳細に書くべきかを解説しました。/機能要件との整合を保ち、どの機能がどのデータを操作するかを明確にする。 ... ビジネスインパクト、ステークホルダーの多様さ、計算ロジックの変化リスク、リソース・スケジュール、外部連携の5つの視点でスコープを管理。 ... INとOUTの間にビジネスロジックを明記することで、計算やルールが透明化。,6,site:zenn.dev 家庭内ルール 要件定義,2026-06-28T03:18:58.514Z
家庭内ルール 要件定義,Zenn,【入門】要件定義,https://zenn.dev/sutamac/articles/351cb3c7ea66ba,この整理により、要件定義と設計フェーズで具体的に取り組むべき項目と成果物が明確化され、プロジェクトの進行を円滑にするための基盤が築かれます。,この整理により、要件定義と設計フェーズで具体的に取り組むべき項目と成果物が明確化され、プロジェクトの進行を円滑にするための基盤が築かれます。/なお、最後の章にある要件定義の事例で具体的なプロジェクトを例にそれぞれの成果物を作成していくので、最初の紹介では抽象的な内容が含まれています。/ビジネス側がエンジニア側に対して成果物を伝え、具体的な開発要件を明確にします。 · 要求フェーズの成果物は要望フェーズの項目をブラッシュアップし、下記が挙げられます。 ... ゴールの達成条件を下記の項目に分けてそれぞれ詳しく定義していきます。/業務フローに落とし込む際に、「当初定義した課題が本当に解決できるのか」を検討し、再確認する · これらの対策によって、ゴールとかけ離れた要件定義を防ぎ、開発の方向性を保つことができます。このフェーズを経て、実際の開発工程へと移行します。,7,site:zenn.dev 家庭内ルール 要件定義,2026-06-28T03:18:58.514Z
家庭内ルール 要件定義,Zenn,要望・要求・要件・仕様のような、あいまいに使われがちな用語を統一的に扱うための整理,https://zenn.dev/danimal141/articles/e29ae71cf2b4fb,このアプローチにより、要求定義の各フェーズでどこが不明瞭なのかを捉え、関係者間の共通認識を形成していけると良い。 ... 要望、要求、要件の違いとか、基本設計、詳細設計の違いで迷わないようにするためのまとめ,"ソフトウェア開発現場では、「要望」「要求」「要件」「仕様」などという用語の定義があいまいなまま都合よく扱われることが多い。これが関係者間の認識のずれや後工程での手戻りリスクを高める原因となる。/本記事では、ソフトウェア要求 第3版 の内容に則り、各フェーズを明確に定義した統一的な整理をし、初期段階から実装指針へと一貫した流れを構築する方法について言及する。/英語であれば、User Requirements, System Requirementsなど、要求という言葉で統一されるらしく、シンプルで定義が明確なのがうらやましい。/※本記事は主に自社内製開発に照準を合わせて記述している。自社内製開発では、社内の各部門との連携、迅速なユーザフィードバックの取り込み、そしてアジャイルな反復プロセスが特に重要となる。これらの現場経験に基づいたスコープで、要求定義の各フェーズを整理したい。",8,site:zenn.dev 家庭内ルール 要件定義,2026-06-28T03:18:58.514Z
家庭内ルール 要件定義,Zenn,要件定義、基本設計、詳細設計の流れを総復習,https://zenn.dev/nyanchu/articles/27a3f95d98df45,要件定義から基本設計、さらに実装や保守運用に至るまでの一貫した経験を何度か積んできましたが、毎回 「要件定義って具体的に何の項目が必要だっけ？」 「基本設計との違いって何だったっけ？」 「基本設計と...,要件定義から基本設計、さらに実装や保守運用に至るまでの一貫した経験を何度か積んできましたが、毎回 「要件定義って具体的に何の項目が必要だっけ？」 「基本設計との違いって何だったっけ？」 「基本設計と詳細設計の区別って？」 といった疑問が頭をよぎってきました。 そんなわけで、これまでの経験を振り返りつつ、開発プロセスについて１からまとめていくことで頭の中の大掃除を行なっていきたいと思います🧹/記事中の一部（特に要件定義や基本設計、詳細設計のサンプル）を自動生成で作成してます。一貫性の無い内容があるかも知れませんが、あくまでサンプルとして参照ください。/要件定義は、「Why」と「What」 に焦点を当てたプロセスです。 これは、開発するシステムやソフトウェアが満たすべき機能や要求を明確にします。 一方、基本設計 は、「How」 の段階です。 要件定義で特定された要求をどのように具体的なシステム設計で実現するかを決定します。/A1: 技術検証は、特に技術的なリスクが高い場合や新しい技術を導入する場合に重要です。要件定義の初期段階で行うことが望ましいです。これにより、リスクの早期発見、要件の正確な定義、プロジェクト計画の最適化が可能になります。ただし、プロジェクトの進行に合わせて技術検証を継続的に行うことも重要です。,10,site:zenn.dev 家庭内ルール 要件定義,2026-06-28T03:18:58.514Z
家庭内 ポイント制度 設計,Zenn,有効期限付きポイントシステムの要求定義と設計,https://zenn.dev/matsubokkuri/articles/point-system-with-expiration,"-- 退会処理 BEGIN; -- 残<strong>ポイントを</strong>全額減算 INSERT INTO withdraw (user_id, amount, created_at) SELECT user_id, remaining_balance, NOW() FROM (残高計算クエリ) WHERE user_id = 退会ユーザID; -- ユーザを論理削除 ...","「ポイントシステムでしょ?簡単じゃん」と思われるかもしれませんが、実は運用を考えるとめちゃくちゃ複雑なんですよね。ぼくも最初に設計したときは「こんなに考慮すること多いの！?」ってなりました。/-- 退会処理 BEGIN; -- 残ポイントを全額減算 INSERT INTO withdraw (user_id, amount, created_at) SELECT user_id, remaining_balance, NOW() FROM (残高計算クエリ) WHERE user_id = 退会ユーザID; -- ユーザを論理削除 UPDATE user SET deleted_at = NOW() WHERE id = 退会ユーザID; COMMIT;/質問なのですが、ポイントに関しては何によって付与されたポイントだとか 何に利用されたかなど。ポイント自体に関する情報とかはどのように管理されていたのか お聞きできれば幸いです！/そのうえで、他のビジネスロジックとの結合度が高い処理に対しては個別に考えます。 ビジネスロジックとの結合度が高い処理とは、例えば: アンケートを回答したらポイントを付与する。重複処理はしてはならないといった処理です。",1,site:zenn.dev 家庭内 ポイント制度 設計,2026-06-28T03:18:58.987Z
家庭内 ポイント制度 設計,Zenn,Shopifyにおけるポイント制度について考察,https://zenn.dev/natsume_katu/articles/2032facf123d2f,ポイント制度とは、商品を購入した際にお客様がポイントを獲得し、そのポイントを将来の購入に利用できる仕組みです。特にリピート購入を促進する効果があり、ポイントを貯める楽しさをお客様に提供します。さらに、顧客ロイヤルティの向上にもつながり、結果的に長期的な売上の増加が期待できます。,Shopify ストアにおいて、ポイント制度はリピーターを効果的に増やすための最適な手段のうちのひとつです。お客様が商品を購入するたびにポイントを獲得し、そのポイントを次回のお買い物で割引として利用できる、このシステムをうまく活用することで、リピート率を大幅に向上させることが可能です。今回は、Shopify におけるポイント制度について、徹底的に考察していきます。/ポイント制度とは、商品を購入した際にお客様がポイントを獲得し、そのポイントを将来の購入に利用できる仕組みです。特にリピート購入を促進する効果があり、ポイントを貯める楽しさをお客様に提供します。さらに、顧客ロイヤルティの向上にもつながり、結果的に長期的な売上の増加が期待できます。/ポイント制度は、購入後も継続的に顧客に働きかけるため、リピート購入を強く促進します。特に、ポイントが期限切れになる前に再購入するインセンティブを与えることで、売上を持続的に増やすことができます。/ポイント制度を利用することで、顧客はブランドとのつながりを感じやすくなり他の店舗よりも自分のポイントが貯まる店舗で買い物を続けるようになります。これにより、長期的な顧客ロイヤリティが生まれます。,2,site:zenn.dev 家庭内 ポイント制度 設計,2026-06-28T03:18:58.987Z
家庭内 ポイント制度 設計,Zenn,Stripeで実装する段階的課金：個人開発のマネタイズ設計,https://zenn.dev/pipipi_dev/articles/20251220-stripe-pricing-design,Stripeを使った段階的課金について、私の考え方と実装のポイントを紹介しました。,ポイントは、カード情報を自分のサーバーで扱わないことです。Stripeの画面に遷移させることで、セキュリティリスクを大幅に減らせます。/metadataにユーザーIDを含めているのがポイントです。決済完了時にWebhookで受け取り、どのユーザーの課金かを特定できます。/Stripeを使った段階的課金について、私の考え方と実装のポイントを紹介しました。,3,site:zenn.dev 家庭内 ポイント制度 設計,2026-06-28T03:18:58.987Z
家庭内 ポイント制度 設計,Zenn,Claude Design ↔ Claude Code を行き来して作った資産ポートフォリオダッシュボード,https://zenn.dev/unsoluble_sugar/articles/fd73c7b67d80ce,設定で意識したポイントは次の通りです。,とはいえ、このプロダクトのリポジトリは現時点では非公開で、どこかへデータを送信したり、外部からデータを書き換えたりするものでもありません。なので大がかりな対策が要るわけではなく、最低限おさえておきたいポイントだけ対応した、というのが実態です。/試行錯誤のポイントはこんな感じでした。/設定で意識したポイントは次の通りです。,4,site:zenn.dev 家庭内 ポイント制度 設計,2026-06-28T03:18:58.987Z
家庭内 ポイント制度 設計,Zenn,GraphRAGを実際に構築して分かった「使うほど賢くなるAI」の仕組み,https://zenn.dev/okikusan/articles/0f8295e7ecaa19,ポイントは MENTIONS自動リンク です。新しいドキュメントを追加すると、テキスト中に既存のエンティティ名が含まれているかを自動でチェックし、関係を張ります。,ポイントは MENTIONS自動リンク です。新しいドキュメントを追加すると、テキスト中に既存のエンティティ名が含まれているかを自動でチェックし、関係を張ります。,6,site:zenn.dev 家庭内 ポイント制度 設計,2026-06-28T03:18:58.987Z
家庭内 ポイント制度 設計,Zenn,MoatになりうるAIエージェントのメモリデザインパターン,https://zenn.dev/deskrex/articles/9ee6c17f4a420b,先進的な自治体の事例を見てみましょう。住民からの問い合わせに応じる市民ポータルには、膨大な数の申請様式や手続きマニュアルが「長期 × セマンティック」の形式で格納されています。これにより、24時間いつでも必要な情報にアクセス可能。書類の記入方法から、補助金制度の詳細まで、AIがわかりやすく案内してくれるかもしれません。,先進的な自治体の事例を見てみましょう。住民からの問い合わせに応じる市民ポータルには、膨大な数の申請様式や手続きマニュアルが「長期 × セマンティック」の形式で格納されています。これにより、24時間いつでも必要な情報にアクセス可能。書類の記入方法から、補助金制度の詳細まで、AIがわかりやすく案内してくれるかもしれません。/特に、ナレッジはSlackやIDE、Devinのワークスペースなどでバグの議論時、タスクリストの整理時などにカジュアルにストックされていきます。ユーザーに負荷がなく、自然に自己改善してくのがポイントです。/コパイロットなのか、エージェントなのか、グラデーションはありますが、プロダクトの成長段階に応じて設計するか、最初からエージェントを目指すのかで変わってくるポイントです。/教育サービスのケースでは、学習者の理解度や躓きポイントを「短期 × エピソード」の形式で記録。一方、学習カリキュラムや教材の構成は「長期 × プロシージャル」なメモリとして保持されます。これらを組み合わせることで、一人ひとりに合わせたアダプティブラーニングを提供。つまずきやすい箇所を予測し、適切なヒントを与えるなど、まるで優れた個別指導教師のように振る舞うことができるのです。,7,site:zenn.dev 家庭内 ポイント制度 設計,2026-06-28T03:18:58.987Z
家庭内 ポイント制度 設計,Zenn,住民を主人公に！行政のサービスデザインでも使えそうな「ヒーローズジャーニー」とは,https://zenn.dev/govtechtokyo/articles/93ba8b43a3e46d,早速ですが、たとえば、住民が「マイナンバーカード取得」「引っ越し」「保活（保育園探し、見学申込、入園申請といった一連の流れの総称）」「家庭の防災対策」といったライフシーンに直面しているとします。これらのシーンにはもちろんカスタマージャーニーが活用できますので、今回は「保活」という特定のシーンで2つのジャーニーを比較してみたいと思います。どんな違いがあるでしょうか。,"早速ですが、たとえば、住民が「マイナンバーカード取得」「引っ越し」「保活（保育園探し、見学申込、入園申請といった一連の流れの総称）」「家庭の防災対策」といったライフシーンに直面しているとします。これらのシーンにはもちろんカスタマージャーニーが活用できますので、今回は「保活」という特定のシーンで2つのジャーニーを比較してみたいと思います。どんな違いがあるでしょうか。/このように保活という制度利用の一連の行動を物語として描くことで、行政が本来提供している価値や、住民が乗り越えている""目に見えない壁""を可視化できるのです。/行政サービスを“人生の物語”として再発見するため 一見すると事務的な制度や手続きも、住民にとっては人生の節目や挑戦・希望であることが多いです。ヒーローズジャーニーを使えば、そうした日常の手続きが誰かにとっての「冒険」や「意味ある試練」として見えるようになります。結果的に、職員自身の仕事への誇りや、住民との共感を生み出すのではないでしょうか。/「制度や業務の視点」だけでは見えないことを可視化できるから 行政サービスの多くは、「業務プロセス」や「制度設計」に基づいて動いています。カスタマージャーニーもその流れを整理するのにとても有効です。 しかし実際の利用者は、制度に対し直線的に行動するばかりではありません。不安になったり、途中でやめたくなったり、別の支援制度に頼ったりしながら、状況に応じて試行錯誤しています。 ヒーローズジャーニーを使うと、",8,site:zenn.dev 家庭内 ポイント制度 設計,2026-06-28T03:18:58.987Z
家庭内 ポイント制度 設計,Zenn,子供向けワークショップを運営して気づいた7つのこと——幼稚園から編み物を続けてきた私が「教える側」にまわってみた記録,https://zenn.dev/megusunu/articles/20251218-kids-workshop,1. 難しい部分は事前に準備して、成功体験に集中できるようにする 2. 完成までの時間は20〜30分が理想 3. 選べる体験が満足度を上げる 4. 糸通しなど“つまずくポイント”はツールで解消 5. 子供の学習速度は侮れない 6.,1. 難しい部分は事前に準備して、成功体験に集中できるようにする 2. 完成までの時間は20〜30分が理想 3. 選べる体験が満足度を上げる 4. 糸通しなど“つまずくポイント”はツールで解消 5. 子供の学習速度は侮れない 6.,9,site:zenn.dev 家庭内 ポイント制度 設計,2026-06-28T03:18:58.987Z
家庭内 ポイント制度 設計,Zenn,バックエンドエンドエンジニアができるべき 設計,https://zenn.dev/engineer_reborn/articles/76fe4c4cf5d184,ポイント · 制約 · 業務ルールに連動してくる · パフォーマンス · インデックス · データ型 · 外部キー · SQL書きやすいとか · engineer reborn ·,ポイント · 制約 · 業務ルールに連動してくる · パフォーマンス · インデックス · データ型 · 外部キー · SQL書きやすいとか · engineer reborn ·,10,site:zenn.dev 家庭内 ポイント制度 設計,2026-06-28T03:18:58.987Z
子育て 仕組み化 note,Zenn,子供の「100の言葉」をAIが編む：Amulet Layer2（LLM Wiki）実装記録,https://zenn.dev/ai_zawa/articles/584da229002902,前回までの記事で、1枚の絵を深く解釈する仕組み（Layer1）が完成しました。しかし、それは「単発の記録」にすぎません。子供の成長は、1枚の絵では捉えられない、時間をかけた連続的な変化です。今日の「パパの顔」と、3ヶ月後の「パパの顔」は、何が同じで何が変わったのか。それを捉えるには、絵と絵をつなぐ「記憶の網の目」が必要です。,"前回までの記事で、1枚の絵を深く解釈する仕組み（Layer1）が完成しました。しかし、それは「単発の記録」にすぎません。子供の成長は、1枚の絵では捉えられない、時間をかけた連続的な変化です。今日の「パパの顔」と、3ヶ月後の「パパの顔」は、何が同じで何が変わったのか。それを捉えるには、絵と絵をつなぐ「記憶の網の目」が必要です。/あわせて、揺らぎの「負の側面」にも備える必要があります。今回は揺らぎを肯定的に捉えましたが、実際には、全く別の概念が誤って一つに統合されてしまう「破壊的な同化」も起こりえます。揺らぎを許容するからこそ、それを正す手段も必要です。親が概念ページを手動で分割・修正できる仕組みや、誤った統合を後から戻せる余地を残しておくこと。これは、「ポエム」で終わらせないための、地に足のついた宿題だと思っています。/もう一つは、概念と概念のつながりを捉えることです。今のWikiは、概念ごとに独立したページの集まりです。しかし子供の興味は、本来つながっています。「電車」への興味が「線路」へ、「駅」へと連鎖していく。そうした概念間の関係性をグラフとして捉える仕組み（GraphRAG）は、次の大きなテーマです。/@app.post(""/callback"") async def callback(request: Request, background_tasks: BackgroundTasks): # ... if user_message.startswith(""ちなみに""): if user_id in last_image_store: notes = user_message.replace(""ちなみに"", """").strip() await update_notes(user_id, notes) # まず即座に応答（reply_tokenを最速で消費） await reply_message(reply_token, ""🎨 絵を見ています…少しだけお待ちください"") image_data = last_image_store[user_id] # 重い処理はバックグラウンドへ background_tasks.add_task(handle_detail_command, user_id, image_data, notes)",1,site:zenn.dev 子育て 仕組み化 note,2026-06-28T03:18:59.481Z
子育て 仕組み化 note,Zenn,子が生まれた。アプリを作った。定例を始めた。一年が経った。,https://zenn.dev/studist/articles/ai-and-parenting,最近開発したものだが、保育園に通い出し、園からの連絡がアプリで実施されるようになった。 赤ちゃんの様子が記入されていて、データとして非常に貴重。 いかんせんAPIとかはないので、コピペして取り出す必要がある。 それも面倒なので、スクショして残している。 一方で、写真だけじゃなく、文字情報は取り出して、育児定例のページにも貼り付けておきたい。 そこで、Slackにアプリのスクショを投稿したら、OCRで文字情報を取り出せるようにする仕組みを作った。 また、１週間分のSlackのデータから今週あったことも取り出せるようにした。 これによって、育児定例のハイライトの確認が捗るようになった。,Scrapboxには、AI向けに情報をExportする機能も備わっている。 ScrapboxがLinkでネットワーク的に記事同士が繋がっている構造を持つので、あるテーマを基準にして最大2hopのつながりがある記事をtext形式でExportしてくれる。 なので、「育児定例」から派生した周辺のページを収集してNotebookLMに取り込むと、PodCastやスライドにしてくれる。 例えばこんなスライド 楽しむ分には面白い。 実際作られたPodCastを知り合いに共有したところ 「腹抱えてワロタ」 などという意見をいただけた。 赤ちゃんがいつ何をできるようになったかをNotebookLMに聞くなどができるといった活用方法も考えられる。/定例で確認する仕組み自体も非常に良かったが、より素晴らしかったことも紹介したい。 それは、「育児観の共有」である。 お互い、当然だが育児は初めてで、どういう方針にすべきかもわからない状態。 なんとなく「モンテッソーリ教育」というのがあるらしいということは知っていた。 ここを一つ指針にしてみようということで、ネットで「モンテッソーリペアレンツ」というオンラインコースを見つけた。 一回10分程度の講座形式のもの/使い方の詳細は以下 構造的に項目を定義するページ(infobox定義)を作り、そこへのリンクを貼ると、LLMがその項目を自動で抜き出してくれる仕組み。 例えば、議事録から、参加者やアクションアイテムを毎回抜き出したいとする。 議事録基本情報なるページを以下のように作る。 2column目には何も書かなくても良いが、以下のサマリーのようにLLMへの指示を書くこともできる。/最近開発したものだが、保育園に通い出し、園からの連絡がアプリで実施されるようになった。 赤ちゃんの様子が記入されていて、データとして非常に貴重。 いかんせんAPIとかはないので、コピペして取り出す必要がある。 それも面倒なので、スクショして残している。 一方で、写真だけじゃなく、文字情報は取り出して、育児定例のページにも貼り付けておきたい。 そこで、Slackにアプリのスクショを投稿したら、OCRで文字情報を取り出せるようにする仕組みを作った。 また、１週間分のSlackのデータから今週あったことも取り出せるようにした。 これによって、育児定例のハイライトの確認が捗るようになった。,2,site:zenn.dev 子育て 仕組み化 note,2026-06-28T03:18:59.481Z
子育て 仕組み化 note,Zenn,子育て中のエンジニアの勉強との向き合い方,https://zenn.dev/penginpenguin/articles/c67c20cf5c052f,ぺんぎん（@jitepengin）です。 今回はいつもの記事と趣向を変えて、子育てと勉強をどう両立するかについて考えてみたいと思います。 · 昨年、子どもが生まれてから生活の優先順位が大きく変わりました。 それまでは...,,3,site:zenn.dev 子育て 仕組み化 note,2026-06-28T03:18:59.481Z
子育て 仕組み化 note,Zenn,Expand and Contract パターンによる破壊的変更の段階的適用,https://zenn.dev/babyjob/articles/4bfe61d366c6c0,この記事は BABY JOB Advent Calendar 2025 の 9 日目の記事です。 · Expand and Contract パターン（Parallel Changeとも呼ばれる）は、システムの破壊的な変更を、ダウンタイムなしに安全に実装するための手法です。REST APIやDBスキーマ...,,4,site:zenn.dev 子育て 仕組み化 note,2026-06-28T03:18:59.481Z
子育て 仕組み化 note,Zenn,エンジニアパパの育児を支える技術,https://zenn.dev/wed_engineering/articles/tech-supporting-parenting,WED株式会社でバックエンドだったりフロントエンドだったりのエンジニアをやっている宮崎です。 基本的にはONEという、レシートがお金に変わるサービスに関わる開発全般を行なっています。 今年5月末に第一子であ...,,5,site:zenn.dev 子育て 仕組み化 note,2026-06-28T03:18:59.481Z
子育て 仕組み化 note,Zenn,凡人による社会人博士課程生存戦略,https://zenn.dev/hidetoshi/articles/20230401_doctoral-course-strategy,株式会社エクサウィザーズ https://note.exawizards.com/n/ncb7a0f3bfcc7,,7,site:zenn.dev 子育て 仕組み化 note,2026-06-28T03:18:59.481Z
子育て 仕組み化 note,Zenn,日本語OCRはとりあえず YomiToku を触っておけ、という話,https://zenn.dev/lluminai_tech/articles/3bf200a5362daf,note: 日本語特化OCR「YomiToku」入門 https://note.com/syogaku/n/n05c8368a1c20,,8,site:zenn.dev 子育て 仕組み化 note,2026-06-28T03:18:59.481Z
子育て 仕組み化 note,Zenn,アニポケから学ぶコミュニケーション,https://zenn.dev/babyjob/articles/mackey0225-communication-in-pokemon-anime,この記事は BABY JOB Advent Calendar 2024 の 4 日目の記事です。 · この記事は、今年の 10 月に開催されたアニメから得た学びを発表会 in 関西での登壇の内容を記事化したものです。,,9,site:zenn.dev 子育て 仕組み化 note,2026-06-28T03:18:59.481Z
子育て 仕組み化 note,Zenn,仕様策定時に意識している「判断軸」,https://zenn.dev/babyjob/articles/6990e358087fe1,<strong>実現したい仕組みのために仕様を複雑にしてしまうと、ユーザはエンジニアが期待するほどその仕様を理解してくれません</strong>。 仕様は可能な限りシンプルに保つ必要があります。,,10,site:zenn.dev 子育て 仕組み化 note,2026-06-28T03:18:59.481Z
家庭内ルール プロダクト設計,Zenn,AIにレガシーシステムのドキュメントを書かせる技術,https://zenn.dev/tokium_dev/articles/a8e7af3930a473,たとえばビジネスルールのドキュメントからは、そのルールを実装している設計パターンのドキュメントにリンクします。アーキテクチャの論理設計からは、実装マッピングにリンクします。このリンクがトレーサビ...,"たとえばビジネスルールのドキュメントからは、そのルールを実装している設計パターンのドキュメントにリンクします。アーキテクチャの論理設計からは、実装マッピングにリンクします。このリンクがトレーサビリティを生みます。/[MUST] 要件層と設計層で承認ルールの記述が矛盾 ビジネスルールでは「10万円以上は部長承認」、ユースケースでは 「10万円超は部長承認」と記載。「以上」と「超」で閾値の扱いが 異なります。コードを確認したところ `>=`（以上）が正です。 該当箇所: docs/requirements/business-rules.md:42, docs/requirements/usecases/apply-expense.md:28 [MUST] glossary.md に定義のない用語が3箇所で使用 docs/design/architecture.md で「ワークフロー」が使われていますが、 用語集では「承/ここで必要になるのが、ハーネスエンジニアリングの考え方です。AIが安全で高品質なドキュメントを生成できる環境をどう設計するか。何を書くかの体系、どう書くかの要件、品質をどう担保するかのレビュープロセス、陳腐化をどう防ぐかの仕組み。/「要件」「設計」は、ウォーターフォール開発の工程名から取っています。通常の開発では要件→仕様→設計と詳細化していきますので、「仕様」のレイヤーが入ることもあります。",1,site:zenn.dev 家庭内ルール プロダクト設計,2026-06-28T03:18:59.935Z
家庭内ルール プロダクト設計,Zenn,「図面」から「法則」へ 〜 メタ視点で読み解くソフトウェアアーキテクチャ 〜,https://zenn.dev/loglass/articles/a31edf89fc5456,都市計画におけるゾーニング 都市計画家は、個々の家の設計図を描くわけではありません。「ここは住宅地」「ここは商業地」といった「ルール（メタな構造）」を定めることで、個々の建物が自由に建て替えられても、都市全体の秩序と機能が維持されるようにします。,株式会社ログラス プロダクトチーム Advent Calendar 2025 のシリーズ 2、17日目の記事です。 · 「アーキテクチャを設計する」とは、一体どういうことなのでしょうか。 従来、それは何らかの「図面」を描くことと同義でした。しかし、変化が加速し続ける現代において、その定義は揺らいでいるように感じます。正直なところ、私自身も「これからのアーキテクチャ設計」の正体が何なのか、わからなくなる瞬間があります。/アーキテクチャとは、外部からの変化に対してシステムが「どこで」「どう」反応するかを規定する、「ストラクチャ」と「ルール」のセットである。 · 従来の定義を否定するものではありませんが、より「変化への反応（Reaction）」に重きを置いた解釈です。以下、従来の解釈にも軽く触れておきましょう。 ... システムのコンポーネント、それらの相互関係、および環境との関係、そしてその設計と進化を導く原則に具体化された、システムの基本的な組織。/都市計画におけるゾーニング 都市計画家は、個々の家の設計図を描くわけではありません。「ここは住宅地」「ここは商業地」といった「ルール（メタな構造）」を定めることで、個々の建物が自由に建て替えられても、都市全体の秩序と機能が維持されるようにします。/国家における憲法と司法 憲法は「国民が今日何を食べるか」は決めませんが、「紛争が起きたときにどう解決するか（司法）」や「新しい法律をどう作るか（立法）」というメタなルールを定めています。社会環境の変化に合わせて法律自体をアップデートする手続きが定義されており、国家というシステムは破綻せずに存続できます。 · その他にも、参加者のインセンティブを設計する市場メカニズム、無限の表現を生成する言語の文法、あるいは環境との相互作用で多様性を維持する 生態系（エコシステム） など、優れたシステムには共通して「メタ・アーキテクチャ」が埋め込まれていそうです。,2,site:zenn.dev 家庭内ルール プロダクト設計,2026-06-28T03:18:59.935Z
家庭内ルール プロダクト設計,Zenn,デザインシステムのskillの精度が上がった8つの方法,https://zenn.dev/pksha/articles/7a7db5c105f396,最後まで解決が難しかったのは、入れ子の構造に応じた margin ルールの理解です。どれだけ説明しても守られなかったのですが、「何をまずはチェックするか」「その次に何と比べるか」というチェック手順を設けたところ、AI がルールを正しく理解するようになりました。,そもそもなぜ skill 化すると良いのかについてですが、その中の1つに技術スタックが違ってもある程度共通のデザインを色んなプロダクトで取り入れられることが挙げられます。デザインシステムを色んなプロダクトに導入したいけど技術の制約があって中々難しい場合に、まず導入する入り口として非常に有効です。/株式会社 PKSHA Technologyおよびグループ会社のエンジニアが実務から得た学びを発信します。 チームやプロダクトの紹介はぜひnoteもご覧ください。/この横断ファイルに CSS をまたぐルールを記載することで、複数 CSS を跨いで判断するルールについても AI が正しく情報を読み取って判断できるようになりました。/最後まで解決が難しかったのは、入れ子の構造に応じた margin ルールの理解です。どれだけ説明しても守られなかったのですが、「何をまずはチェックするか」「その次に何と比べるか」というチェック手順を設けたところ、AI がルールを正しく理解するようになりました。,3,site:zenn.dev 家庭内ルール プロダクト設計,2026-06-28T03:18:59.935Z
家庭内ルール プロダクト設計,Zenn,精読「現場で役立つシステム設計の原則」（3/3）(画面設計/アプリケーション間連携/オブジェクト指向編),https://zenn.dev/joaan/articles/a086948cfea08b,ルール９：getter、setter、プロパティを使用しないこと ... オブジェクト指向らしい設計に慣れてきたら、より深く学ぶために「実践パターン」「オブジェクト指向入門」「ドメイン駆動設計」を読むと良い（特に「ドメ...,ルール９：getter、setter、プロパティを使用しないこと ... オブジェクト指向らしい設計に慣れてきたら、より深く学ぶために「実践パターン」「オブジェクト指向入門」「ドメイン駆動設計」を読むと良い（特に「ドメイン駆動設計」は、オブジェクト指向を現場で実践するための素晴らしい手引き）/「オブジェクト指向エクササイズの9つのルール」で練習してみる おすすめ参考書「ThoughtWorksアンソロジー ―アジャイルとオブジェクト指向によるソフトウェアイノベーション」/ルール１：１つのメソッドにつきインデントは１段落までにすること/「else句を使わない」と同じく、複文構造を単文に分解することを狙ったルール,4,site:zenn.dev 家庭内ルール プロダクト設計,2026-06-28T03:18:59.935Z
家庭内ルール プロダクト設計,Zenn,精読「現場で役立つシステム設計の原則」（1/3）(基本原則編),https://zenn.dev/joaan/articles/233a6f5585d821,列挙型を使えば、状態の遷移ルールもわかりやすく記述できる · 手続き型の設計であるデータクラスと機能クラスに分けては同じ業務ロジックが重複して書かれるため見通しが悪くなる,現場で役立つシステム設計の原則 ~変更を楽で安全にするオブジェク指向の実践技法 ドメイン駆動開発をベースとした実践的な設計の原則を学べる良書です。この設計原則が頭に強く刻み込まれるまで繰り返し読み返そうと思います。/精読「現場で役立つシステム設計の原則」（2/3）(ドメイン駆動設計/データベース設計編)/精読「現場で役立つシステム設計の原則」（3/3）(画面設計/アプリケーション間連携/オブジェクト指向編)/メソッドは短く、クラスは小さく（メソッドの抽出とクラスの抽出によって、コードを小分け整理するのが、変更を楽で安全にする設計の基本）,5,site:zenn.dev 家庭内ルール プロダクト設計,2026-06-28T03:18:59.935Z
家庭内ルール プロダクト設計,Zenn,[読書メモ]現場で役立つシステム設計の原則 変更を楽で安全にするオブジェクト指向の実践技法 をざっくり読んでみた,https://zenn.dev/tanipotato/articles/41b2fb0ecbf572,何かしらのクラス（変数一つとっても？）を使う側が知らないといけないことが多ければ多いほど、密結合になる。少なければ少ないほど疎結合になる。つまり、使う側が使用するクラスが暗黙的に所持しているルール・関心事を無理くり使う側が守ろうとすると、その分関心事が漏れ出すということなのかもしれない。 · 結合を弱くするための方法として、丁寧に値オブジェクトかして、そのうえでInterfaceを用いた設計にすることで、多態性を持たせることが重要だと解釈したが、あっているのかは正直分からん。,何かしらのクラス（変数一つとっても？）を使う側が知らないといけないことが多ければ多いほど、密結合になる。少なければ少ないほど疎結合になる。つまり、使う側が使用するクラスが暗黙的に所持しているルール・関心事を無理くり使う側が守ろうとすると、その分関心事が漏れ出すということなのかもしれない。 · 結合を弱くするための方法として、丁寧に値オブジェクトかして、そのうえでInterfaceを用いた設計にすることで、多態性を持たせることが重要だと解釈したが、あっているのかは正直分からん。/そこで、サービスを提供する側と利用する側で何を守るべきかというルールに基づいて呼び出し、呼び出されるように設計することを契約による設計という。この場合、業務ロジックとして絶対に守るべきところはドメインオブジェクトで防御するはずなので、NULLじゃないかとか、基本的な最低限のバリデーションをするのがバランスとしては良いのだろうか。/特に、業務的に異常な値を持たないように制御するためにオリジナルのクラスを作成して、暗黙知となっているビジネス的なるルールをそこに閉じ込めるという話が良かった。/むずい。かなり難しい。 第3部で書かれていたデータロジックをばらばらにせずに一つの関心事を扱うクラスにすることで、コードの重複を減らし変更に強い構造にすることの重要性に続き、具体的に業務フローを分析・設計してコードに落とせるようにクラスとしてまとめる流れについて書いてあったが、難しい。,6,site:zenn.dev 家庭内ルール プロダクト設計,2026-06-28T03:18:59.935Z
家庭内ルール プロダクト設計,Zenn,ソフトウェアの「設計原則」を、なぜ一部のエンジニアは生理的に嫌うのか,https://zenn.dev/torao/articles/20260502-differences-in-engrs-cognitive-strategies,設計について、すぐ手を動かしたい派と全体像を合意してから着手したい派で割れる。 · 「なぜこうしたか」は誰かの頭の中にあり、その「誰か」を探す必要がある。 · 文書化のルールを作っても、書く人とあまり書...,設計について、すぐ手を動かしたい派と全体像を合意してから着手したい派で割れる。 · 「なぜこうしたか」は誰かの頭の中にあり、その「誰か」を探す必要がある。 · 文書化のルールを作っても、書く人とあまり書かない人が固定される。/チームの認知構成には「常にこれが正解」はありません。プロダクトのフェーズによって、チームに求められる振る舞いの重心が変化します。/わたしたちエンジニアは、日々大量の情報や知識を扱っています。仕様、設計判断、コードの構造、過去の障害、チームの文脈 —— これらをどう処理しているかを分解すると、とてもシンプルな構造になります。/ソフトウェア設計で「良い」とされている「関心の分離」「単一責任原則」「レイヤードアーキテクチャ」「ドメイン分離」といった原則を突き詰めると、システム全体を一度に頭に入れなくて良いように、部分的にワーキングメモリにロード可能な構造を作るという、分割 (チャンク化) のための手法です。,7,site:zenn.dev 家庭内ルール プロダクト設計,2026-06-28T03:18:59.935Z
家庭内ルール プロダクト設計,Zenn,100冊以上の読書体験から厳選：PdMのための読書ロードマップ例,https://zenn.dev/10q89s/articles/d458e85b3217f7,プロダクトマネージャーは、プロダクトマネジメントトライアングルを参照すると分かるように その役割の性質からカバーすべき範囲が多岐にわたるケースが多いです。,PdMにとって、ユーザーのインサイトを引き出す調査設計や、データから正確な仮説を立てる力を養える内容が充実しています。初心者でも実務に応用しやすい構成で、プロダクト開発や市場戦略の基盤を強化する一冊です。 · プロダクトリサーチ・ルールズ 製品開発を成功させるリサーチと9つのルール/ユーザーの行動や心理の事例を用いて、より使いやすいプロダクトを設計するためのガイドです。 PdMがUX改善やユーザビリティの向上を目指す際に、デザイナーとの共通言語として活用でき、ユーザー視点のプロダクト開発に貢献します。/プロダクト開発におけるリスクを最小化しながら、顧客価値を最大化するプロセスを解説した必読書です。リーンキャンバスを活用した効率的なビジネスモデルの設計から、仮説検証を繰り返しながら継続的にイノベーションを生み出す方法まで具体的に示されています。PdMにとって、迅速なプロダクト開発と市場適応を実現するための実践的なフレームワークを学べる一冊です。/プロダクトマネージャーは、プロダクトマネジメントトライアングルを参照すると分かるように その役割の性質からカバーすべき範囲が多岐にわたるケースが多いです。,8,site:zenn.dev 家庭内ルール プロダクト設計,2026-06-28T03:18:59.935Z
家庭内ルール プロダクト設計,Zenn,ドキュメント管理をGitHubに変更したお話,https://zenn.dev/yokotsukuda/articles/a14e7724560eee,「ドキュメント」とひとくちにくくるのは難しいのですが、長期間に渡っての運用を想定したドキュメントを作成する場合、あらかじめそれを想定したルールや環境・ツールの選定といった初期設計はとても大事だったと痛感しました。,「ドキュメント」とひとくちにくくるのは難しいのですが、長期間に渡っての運用を想定したドキュメントを作成する場合、あらかじめそれを想定したルールや環境・ツールの選定といった初期設計はとても大事だったと痛感しました。/ショップさま: 知りたいことがなかなか解決できない。（FAQ記事は多いのですが、どこから探せばよいのかわからないあるある） すんなり解決できないので、設定や運用設計のための待ち時間が発生してしまうつらみ/お客様からの問い合わせのチャネルを設計し、お客様へ十分な対応ができるようにする。/今回は製本を想定していないため、左右ページのマージンは揃える設計にしたり、柱の調整やヘッダー・フッターの調整などを実施しています。,9,site:zenn.dev 家庭内ルール プロダクト設計,2026-06-28T03:18:59.935Z
家庭内ルール プロダクト設計,Zenn,【エージェントルール】 中長期開発におけるルール設計,https://zenn.dev/sonicmoov/articles/0f9e98f3539d04,ただ、実務に活用できればさらに効率的に開発できると思うので、ルール設計の調査と検証を行ってみました。,そこでセキュリティのルールであるRAILGUARDフレームワークを適用した方がよいと判断しました。 · security.instructions.md は以下を参考にしました。 ... ソニックムーブはBtoCサービスのUX・CRM設計とその実現を得意とする、デジタルコミュニケーションデザインに特化した開発会社です。 記事を書いているのは、現場で手を動かしているエンジニア本人。 技術が好きで、つくることを楽しんでいる人たちです。/中長期的なプロジェクトにおいてAIを用いた開発を行うには単純なプロンプト以外にルールの設計が必要です。/現状、自分の知る限りでは、ルール設計はまだ十分に確立されておらず、効果がどれほどあるかも定かではありません。/ただ、実務に活用できればさらに効率的に開発できると思うので、ルール設計の調査と検証を行ってみました。,10,site:zenn.dev 家庭内ルール プロダクト設計,2026-06-28T03:18:59.935Z
